-- phpMyAdmin SQL Dump
-- version 4.7.9
-- https://www.phpmyadmin.net/
--
-- Host: 127.0.0.1:3306
-- Generation Time: Sep 18, 2018 at 02:23 AM
-- Server version: 5.7.21
-- PHP Version: 5.6.35

SET SQL_MODE = "NO_AUTO_VALUE_ON_ZERO";
SET AUTOCOMMIT = 0;
START TRANSACTION;
SET time_zone = "+00:00";


/*!40101 SET @OLD_CHARACTER_SET_CLIENT=@@CHARACTER_SET_CLIENT */;
/*!40101 SET @OLD_CHARACTER_SET_RESULTS=@@CHARACTER_SET_RESULTS */;
/*!40101 SET @OLD_COLLATION_CONNECTION=@@COLLATION_CONNECTION */;
/*!40101 SET NAMES utf8mb4 */;

--
-- Database: `gigm`
--

-- --------------------------------------------------------

--
-- Table structure for table `admin`
--

DROP TABLE IF EXISTS `admin`;
CREATE TABLE IF NOT EXISTS `admin` (
  `id` int(11) NOT NULL AUTO_INCREMENT,
  `username` varchar(40) NOT NULL,
  `password` varchar(40) NOT NULL,
  PRIMARY KEY (`id`)
) ENGINE=MyISAM AUTO_INCREMENT=4 DEFAULT CHARSET=latin1;

--
-- Dumping data for table `admin`
--

INSERT INTO `admin` (`id`, `username`, `password`) VALUES
(1, 'sparky@gmail.com', 'pass'),
(2, 'tonny@gmail.com', 'pass');

-- --------------------------------------------------------

--
-- Table structure for table `available`
--

DROP TABLE IF EXISTS `available`;
CREATE TABLE IF NOT EXISTS `available` (
  `id` int(11) NOT NULL AUTO_INCREMENT,
  `motoid` varchar(20) NOT NULL,
  `driverid` varchar(40) NOT NULL,
  `arrival` datetime NOT NULL DEFAULT CURRENT_TIMESTAMP,
  `departure` varchar(11) DEFAULT NULL,
  `departure_time` varchar(9) DEFAULT NULL,
  `status` int(2) DEFAULT '0',
  `bus` varchar(20) NOT NULL,
  `trip` int(11) NOT NULL,
  `route` varchar(40) NOT NULL,
  `passenger` int(11) NOT NULL DEFAULT '0',
  `income` float DEFAULT '0',
  `expenditure` float DEFAULT '0',
  `net` float NOT NULL DEFAULT '0',
  PRIMARY KEY (`id`)
) ENGINE=InnoDB AUTO_INCREMENT=7 DEFAULT CHARSET=latin1;

--
-- Dumping data for table `available`
--

INSERT INTO `available` (`id`, `motoid`, `driverid`, `arrival`, `departure`, `departure_time`, `status`, `bus`, `trip`, `route`, `passenger`, `income`, `expenditure`, `net`) VALUES
(4, '868', 'GIGM219', '2018-09-18 02:03:16', '2018-09-19', NULL, 0, 'Hiace', 1, 'Enugu - Ikorodu', 0, 0, 0, 0),
(5, '469', 'GIGM899', '2018-09-18 02:09:15', '2018-09-19', NULL, 1, 'Sienna', 1, 'Enugu - Kubwa', 8, 21600, 0, 0),
(6, '132', 'GIGM524', '2018-09-18 02:12:25', '2018-09-19', NULL, 1, 'Hiace', 2, 'Enugu - Kubwa', 12, 30000, 0, 0);

-- --------------------------------------------------------

--
-- Table structure for table `countries`
--

DROP TABLE IF EXISTS `countries`;
CREATE TABLE IF NOT EXISTS `countries` (
  `Country` varchar(33) DEFAULT NULL
) ENGINE=MyISAM DEFAULT CHARSET=utf8;

--
-- Dumping data for table `countries`
--

INSERT INTO `countries` (`Country`) VALUES
('Afghanistan '),
('Albania '),
('Algeria '),
('American Samoa '),
('Andorra '),
('Angola '),
('Anguilla '),
('Antigua & Barbuda '),
('Argentina '),
('Armenia '),
('Aruba '),
('Australia '),
('Austria '),
('Azerbaijan '),
('Bahamas, The '),
('Bahrain '),
('Bangladesh '),
('Barbados '),
('Belarus '),
('Belgium '),
('Belize '),
('Benin '),
('Bermuda '),
('Bhutan '),
('Bolivia '),
('Bosnia & Herzegovina '),
('Botswana '),
('Brazil '),
('British Virgin Is. '),
('Brunei '),
('Bulgaria '),
('Burkina Faso '),
('Burma '),
('Burundi '),
('Cambodia '),
('Cameroon '),
('Canada '),
('Cape Verde '),
('Cayman Islands '),
('Central African Rep. '),
('Chad '),
('Chile '),
('China '),
('Colombia '),
('Comoros '),
('Congo, Dem. Rep. '),
('Congo, Repub. of the '),
('Cook Islands '),
('Costa Rica '),
('Cote d\'Ivoire '),
('Croatia '),
('Cuba '),
('Cyprus '),
('Czech Republic '),
('Denmark '),
('Djibouti '),
('Dominica '),
('Dominican Republic '),
('East Timor '),
('Ecuador '),
('Egypt '),
('El Salvador '),
('Equatorial Guinea '),
('Eritrea '),
('Estonia '),
('Ethiopia '),
('Faroe Islands '),
('Fiji '),
('Finland '),
('France '),
('French Guiana '),
('French Polynesia '),
('Gabon '),
('Gambia, The '),
('Gaza Strip '),
('Georgia '),
('Germany '),
('Ghana '),
('Gibraltar '),
('Greece '),
('Greenland '),
('Grenada '),
('Guadeloupe '),
('Guam '),
('Guatemala '),
('Guernsey '),
('Guinea '),
('Guinea-Bissau '),
('Guyana '),
('Haiti '),
('Honduras '),
('Hong Kong '),
('Hungary '),
('Iceland '),
('India '),
('Indonesia '),
('Iran '),
('Iraq '),
('Ireland '),
('Isle of Man '),
('Israel '),
('Italy '),
('Jamaica '),
('Japan '),
('Jersey '),
('Jordan '),
('Kazakhstan '),
('Kenya '),
('Kiribati '),
('Korea, North '),
('Korea, South '),
('Kuwait '),
('Kyrgyzstan '),
('Laos '),
('Latvia '),
('Lebanon '),
('Lesotho '),
('Liberia '),
('Libya '),
('Liechtenstein '),
('Lithuania '),
('Luxembourg '),
('Macau '),
('Macedonia '),
('Madagascar '),
('Malawi '),
('Malaysia '),
('Maldives '),
('Mali '),
('Malta '),
('Marshall Islands '),
('Martinique '),
('Mauritania '),
('Mauritius '),
('Mayotte '),
('Mexico '),
('Micronesia, Fed. St. '),
('Moldova '),
('Monaco '),
('Mongolia '),
('Montserrat '),
('Morocco '),
('Mozambique '),
('Namibia '),
('Nauru '),
('Nepal '),
('Netherlands '),
('Netherlands Antilles '),
('New Caledonia '),
('New Zealand '),
('Nicaragua '),
('Niger '),
('Nigeria '),
('N. Mariana Islands '),
('Norway '),
('Oman '),
('Pakistan '),
('Palau '),
('Panama '),
('Papua New Guinea '),
('Paraguay '),
('Peru '),
('Philippines '),
('Poland '),
('Portugal '),
('Puerto Rico '),
('Qatar '),
('Reunion '),
('Romania '),
('Russia '),
('Rwanda '),
('Saint Helena '),
('Saint Kitts & Nevis '),
('Saint Lucia '),
('St Pierre & Miquelon '),
('Saint Vincent and the Grenadines '),
('Samoa '),
('San Marino '),
('Sao Tome & Principe '),
('Saudi Arabia '),
('Senegal '),
('Serbia '),
('Seychelles '),
('Sierra Leone '),
('Singapore '),
('Slovakia '),
('Slovenia '),
('Solomon Islands '),
('Somalia '),
('South Africa '),
('Spain '),
('Sri Lanka '),
('Sudan '),
('Suriname '),
('Swaziland '),
('Sweden '),
('Switzerland '),
('Syria '),
('Taiwan '),
('Tajikistan '),
('Tanzania '),
('Thailand '),
('Togo '),
('Tonga '),
('Trinidad & Tobago '),
('Tunisia '),
('Turkey '),
('Turkmenistan '),
('Turks & Caicos Is '),
('Tuvalu '),
('Uganda '),
('Ukraine '),
('United Arab Emirates '),
('United Kingdom '),
('United States '),
('Uruguay '),
('Uzbekistan '),
('Vanuatu '),
('Venezuela '),
('Vietnam '),
('Virgin Islands '),
('Wallis and Futuna '),
('West Bank '),
('Western Sahara '),
('Yemen '),
('Zambia '),
('Zimbabwe ');

-- --------------------------------------------------------

--
-- Table structure for table `customer`
--

DROP TABLE IF EXISTS `customer`;
CREATE TABLE IF NOT EXISTS `customer` (
  `id` int(11) NOT NULL AUTO_INCREMENT,
  `surname` varchar(40) DEFAULT NULL,
  `othername` varchar(40) DEFAULT NULL,
  `email` varchar(40) DEFAULT NULL,
  `phone` varchar(20) DEFAULT NULL,
  `address` varchar(100) DEFAULT NULL,
  `nextkinname` varchar(100) DEFAULT NULL,
  `nextkinphone` varchar(20) DEFAULT NULL,
  `nextkinaddress` text,
  `destination` varchar(100) NOT NULL,
  `seats` int(11) DEFAULT '0',
  `bus` varchar(20) NOT NULL,
  `price` float NOT NULL,
  `date` datetime NOT NULL DEFAULT CURRENT_TIMESTAMP,
  `departure` varchar(11) DEFAULT NULL,
  `departure_time` varchar(9) DEFAULT NULL,
  `refcode` text NOT NULL,
  `travelled` text,
  `bus_id` varchar(20) DEFAULT NULL,
  `customer_id` int(11) DEFAULT NULL,
  `status` int(1) NOT NULL DEFAULT '0',
  PRIMARY KEY (`id`),
  KEY `customer_id` (`customer_id`)
) ENGINE=InnoDB AUTO_INCREMENT=25 DEFAULT CHARSET=latin1;

--
-- Dumping data for table `customer`
--

INSERT INTO `customer` (`id`, `surname`, `othername`, `email`, `phone`, `address`, `nextkinname`, `nextkinphone`, `nextkinaddress`, `destination`, `seats`, `bus`, `price`, `date`, `departure`, `departure_time`, `refcode`, `travelled`, `bus_id`, `customer_id`, `status`) VALUES
(1, 'charles', 'dff', 'ch@g.com', 'gghgttyty', '65767677787', 'govina', '34343534343', 'dfdfdwqqe', 'Enugu - Umuahia', 5, 'Sprinter', 12500, '2018-08-25 09:28:43', NULL, NULL, 'HCI5-B7UM-0S8M-5W0J', '2018-08-25 09:33:24', '952', NULL, 0),
(2, 'charles', 'dff', 'ch@g.com', 'gghgttyty', '43434343434', 'dfsfdfdfdf', '6777676745', 'dfdfdwqqe', 'Enugu - Umuahia', 3, 'Sprinter', 7500, '2018-08-25 09:30:09', NULL, NULL, '3NG9-J5BV-C1CX-X0UV', '2018-08-25 09:33:24', '952', NULL, 0),
(3, 'ugwuede', 'jkjkj', 'chim@gma.com', 'gghgttyty', '65767677787', 'dfsfdfdfdf', '6777676745', 'HGVVVHVHV', 'Enugu - Kubwa', 5, 'Hiace', 12500, '2018-08-25 09:40:24', NULL, NULL, 'L4D3-RHH6-76J4-GTHP', '2018-09-18 03:10:56', '663', NULL, 0),
(4, 'charles', 'ekpem', 'ch@g.com', 'wdewdd', '43434343434', 'govina', '6777676745', 'dfdfdwqqe', 'Enugu - Yaba', 3, 'Sienna', 16500, '2018-08-25 09:41:19', NULL, NULL, 'MVFL-KR8E-T5NW-IUSW', '2018-08-25 09:53:10', '677', NULL, 0),
(5, 'micheal', 'dff', 'ch@g.com', 'gghgttyty', '65767677787', 'dfsfdfdfdf', '6777676745', 'dfdfdwqqe', 'Enugu - Kubwa', 1, 'Hiace', 2500, '2018-08-25 09:42:23', NULL, NULL, '5HOG-V66G-AJE3-KTXC', '2018-09-18 03:10:56', '663', NULL, 0),
(6, 'bhh', 'dff', 'ch@g.com', 'gghgttyty', '43434343434', 'govina', '34343534343', 'dfdfdwqqe', 'Enugu - Yaba', 3, 'Sienna', 16500, '2018-08-25 09:43:25', NULL, NULL, 'TXPP-Q66V-OVVJ-AMAE', '2018-08-25 09:53:10', '677', NULL, 0),
(7, 'bhh', 'jkjkj', 'rerer@GMAI.COM', 'gghgttyty', '43434343434', 'govina', '34343534343', 'dfdfdwqqe', 'Enugu - Kubwa', 5, 'Hiace', 12500, '2018-08-25 09:44:30', NULL, NULL, 'J236-WCLA-25OD-ESNF', '2018-09-18 03:10:56', '663', NULL, 0),
(8, 'ugwuede', 'jkjkj', 'ch@g.com', 'gghgttyty', '65767677787', 'cris', '6777676745', 'the same place', 'Enugu - Kubwa', 3, 'Hiace', 7500, '2018-08-25 09:45:28', NULL, NULL, '0MVD-IA6T-CDIW-SJA3', '2018-09-18 03:10:56', '663', NULL, 0),
(9, 'ugwuede', 'jkjkj', 'mansion@g.com', 'gghgttyty', '65767677787', 'dfsfdfdfdf', '6777676745', 'dfdfdwqqe', 'Enugu - Yaba', 5, 'Sienna', 27500, '2018-08-25 09:52:14', NULL, NULL, 'ZOVH-8C9W-FKUR-4DG2', '2018-08-25 09:53:10', '677', NULL, 0),
(10, 'ugwuede', 'dff', 'rerer@GMAI.COM', 'gghgttyty', '65767677787', 'cris', '34343534343', 'dfdfdwqqe', 'Enugu - Ikorodu', 3, 'Hiace', 16500, '2018-08-25 09:54:17', NULL, NULL, '0BDH-ZV6V-D4A4-E68N', '2018-09-14 00:52:40', '868', NULL, 0),
(11, 'micheal', 'jkjkj', 'ch@g.com', 'port harcourt city', '65767677787', 'cris', 'dssdsd', 'grerere', 'Enugu - Ikorodu', 5, 'Hiace', 27500, '2018-08-25 09:55:59', NULL, NULL, 'JH8R-LL65-W9XL-NS8J', '2018-09-14 00:52:40', '868', NULL, 0),
(12, 'ugwuede', 'chidi', 'ch@g.com', 'gghgttyty', '43434343434', 'govina', '09090909090', 'the same place', 'Enugu - Kubwa', 10, 'Hiace', 25000, '2018-09-13 16:10:37', NULL, NULL, 'SR80-N81N-7ZEK-NGWL', '2018-09-18 03:10:56', '663', NULL, 0),
(13, 'charles', 'jkjkj', 'rerer@GMAI.COM', 'gghgttyty', '43434343434', 'govina', '34343534343', 'dfdfdwqqe', 'Enugu - Iyana-Ipaja', 3, 'Sienna', 16500, '2018-09-18 00:21:55', NULL, NULL, 'R1OZ-JQK6-EV04-FEKC', '2018-09-18 02:00:23', '364', NULL, 0),
(14, 'bhh', 'jkjkj', 'chim@gma.com', 'port harcourt city', '09012121123', 'govina', 'dssdsd', 'HGVVVHVHV', 'Enugu - Kubwa', 5, 'Hiace', 12500, '2018-09-18 02:05:24', NULL, NULL, 'AGIN-HQ3C-F7QT-NMUC', '2018-09-18 03:10:56', '663', NULL, 0),
(15, 'charles', 'ekpem', 'chim@gma.com', 'gghgttyty', '43434343434', 'govina', '09090909090', 'dfdfdwqqe', 'Enugu - Kubwa', 5, 'Hiace', 12500, '2018-09-18 02:06:55', NULL, NULL, 'SFQ6-SE09-BIMV-MHTI', '2018-09-18 03:10:56', '663', NULL, 0),
(16, 'bhh', 'dff', 'chim@gma.com', 'phc rivers', '65767677787', 'dfsfdfdfdf', '34343534343', 'HGVVVHVHV', 'Enugu - Kubwa', 3, 'Sienna', 8100, '2018-09-18 02:10:42', NULL, NULL, 'UZQS-AL16-LEAD-RF05', NULL, '469', NULL, 0),
(17, 'charles', 'ekpem', 'ch@g.com', 'wdewdd', '43434343434', 'govina', 'dssdsd', 'gsdsdssssssc', 'Enugu - Kubwa', 5, 'Sienna', 13500, '2018-09-18 02:26:36', NULL, NULL, '4ZTN-UE36-PTU4-EJ4G', NULL, '469', NULL, 0),
(18, 'charles', 'jkjkj', 'ch@g.com', 'phc rivers', '65767677787', 'dfsfdfdfdf', '34343534343', 'dfdfdwqqe', 'Enugu - Kubwa', 5, 'Hiace', 12500, '2018-09-18 02:38:49', NULL, NULL, 'NWOT-5LHK-17RD-XKEL', NULL, '469', NULL, 0),
(19, 'charles', 'dff', 'ch@g.com', 'wdewdd', '65767677787', 'govina', '34453454543', 'dsdsdsd', 'Enugu - Kubwa', 5, 'Hiace', 12500, '2018-09-18 02:42:15', NULL, NULL, '54XS-QAVA-MMOR-L735', NULL, '469', NULL, 0),
(20, 'charles', 'jkjkj', 'chim@gma.com', 'gghgttyty', '65767677787', 'dfsfdfdfdf', '34453454543', 'gsdsdssssssc', 'Enugu - Kubwa', 5, 'Hiace', 12500, '2018-09-18 02:48:51', NULL, NULL, '2P6U-JRBH-OK8M-W3XS', NULL, '469', NULL, 0),
(21, 'ugwuede', 'jkjkj', 'ch@g.com', 'phc rivers', '43434343434', 'dfsfdfdfdf', '34453454543', 'gsdsdssssssc', 'Enugu - Kubwa', 5, 'Hiace', 12500, '2018-09-18 03:05:37', NULL, NULL, 'LU58-V7BK-9TBV-PRL6', NULL, '469', NULL, 0),
(22, 'charles', 'dff', 'ch@g.com', 'gghgttyty', '65767677787', 'govina', '34343534343', 'dfdfdwqqe', 'Enugu - Kubwa', 5, 'Hiace', 12500, '2018-09-18 03:11:43', NULL, NULL, 'I7E3-SN17-LX98-SGJR', NULL, '132', NULL, 0),
(23, 'bhh', 'ekpem', 'chim@gma.com', 'gghgttyty', '65767677787', 'govina', '98989989899', 'gsdsdssssssc', 'Enugu - Kubwa', 5, 'Hiace', 12500, '2018-09-18 03:12:40', NULL, NULL, 'BHXM-JAFZ-SDCM-3K9C', NULL, '132', NULL, 0),
(24, 'bhh', 'ekpem', 'rerer@GMAI.COM', 'phc rivers', '09034232323', 'govina', '98989989899', 'grerere', 'Enugu - Kubwa', 2, 'Hiace', 5000, '2018-09-18 03:14:01', NULL, NULL, '51KD-K8MO-JJ07-G9RE', NULL, '132', NULL, 0);

-- --------------------------------------------------------

--
-- Table structure for table `customerinfo`
--

DROP TABLE IF EXISTS `customerinfo`;
CREATE TABLE IF NOT EXISTS `customerinfo` (
  `id` int(11) NOT NULL AUTO_INCREMENT,
  `surname` varchar(40) NOT NULL,
  `othername` varchar(100) NOT NULL,
  `email` varchar(100) NOT NULL,
  `password` varchar(20) NOT NULL,
  `address` varchar(100) NOT NULL,
  `phone` varchar(20) NOT NULL,
  PRIMARY KEY (`id`)
) ENGINE=InnoDB AUTO_INCREMENT=6 DEFAULT CHARSET=latin1;

--
-- Dumping data for table `customerinfo`
--

INSERT INTO `customerinfo` (`id`, `surname`, `othername`, `email`, `password`, `address`, `phone`) VALUES
(1, 'ugwuede', 'ekpem', 'email@ma.com', 'chigozie', 'flgkflkkfgf', '889899'),
(4, 'charles', 'ekpem', 'chim@gma.com', '65767677787', 'gghgttyty', 'chigo'),
(5, 'micheal', 'chidi', 'ch@g.com', '65767677787', 'port harcourt city', 'chigo');

-- --------------------------------------------------------

--
-- Table structure for table `destination`
--

DROP TABLE IF EXISTS `destination`;
CREATE TABLE IF NOT EXISTS `destination` (
  `id` int(11) NOT NULL AUTO_INCREMENT,
  `city_id` int(11) DEFAULT NULL,
  `route` varchar(27) DEFAULT NULL,
  `hiace` float NOT NULL DEFAULT '0',
  `sienna` float NOT NULL DEFAULT '0',
  `sprinter` float NOT NULL DEFAULT '0',
  `hiace_loading` int(11) NOT NULL DEFAULT '0',
  `sienna_loading` int(11) NOT NULL DEFAULT '0',
  `sprinter_loading` int(11) NOT NULL DEFAULT '0',
  PRIMARY KEY (`id`),
  KEY `city_id` (`city_id`)
) ENGINE=InnoDB AUTO_INCREMENT=507 DEFAULT CHARSET=utf8;

--
-- Dumping data for table `destination`
--

INSERT INTO `destination` (`id`, `city_id`, `route`, `hiace`, `sienna`, `sprinter`, `hiace_loading`, `sienna_loading`, `sprinter_loading`) VALUES
(1, 1, 'Umuahia - Mararaba', 0, 0, 0, 0, 0, 0),
(2, 1, 'Umuahia - Zuba', 0, 0, 0, 0, 0, 0),
(3, 1, 'Umuahia - Utako', 0, 0, 0, 0, 0, 0),
(4, 1, 'Umuahia - Kubwa', 0, 0, 0, 0, 0, 0),
(5, 1, 'Umuahia - Itam', 0, 0, 0, 0, 0, 0),
(6, 1, 'Umuahia - Awka', 0, 0, 0, 0, 0, 0),
(7, 1, 'Umuahia - Yenegoa', 0, 0, 0, 0, 0, 0),
(8, 1, 'Umuahia - Asaba', 0, 0, 0, 0, 0, 0),
(9, 1, 'Umuahia - Effurum', 0, 0, 0, 0, 0, 0),
(10, 1, 'Umuahia - Auchi', 0, 0, 0, 0, 0, 0),
(11, 1, 'Umuahia - Benin', 0, 0, 0, 0, 0, 0),
(12, 1, 'Umuahia - Ekpoma', 0, 0, 0, 0, 0, 0),
(13, 1, 'Umuahia - Enugu', 0, 0, 0, 0, 0, 0),
(14, 1, 'Umuahia - Owerri', 0, 0, 0, 0, 0, 0),
(15, 1, 'Umuahia - Ajah', 0, 0, 0, 0, 0, 0),
(16, 1, 'Umuahia - Festac', 0, 0, 0, 0, 0, 0),
(17, 1, 'Umuahia - Ikotun', 0, 0, 0, 0, 0, 0),
(18, 1, 'Umuahia - Iyana-Ipaja', 0, 0, 0, 0, 0, 0),
(19, 1, 'Umuahia - Ikorodu', 0, 0, 0, 0, 0, 0),
(20, 1, 'Umuahia - Volkswagen', 0, 0, 0, 0, 0, 0),
(21, 1, 'Umuahia - Yaba', 0, 0, 0, 0, 0, 0),
(22, 1, 'Umuahia - Port Harcourt', 0, 0, 0, 0, 0, 0),
(23, 2, 'Mararaba - Umuahia', 0, 0, 0, 0, 0, 0),
(24, 2, 'Mararaba - Zuba', 0, 0, 0, 0, 0, 0),
(25, 2, 'Mararaba - Utako', 0, 0, 0, 0, 0, 0),
(26, 2, 'Mararaba - Kubwa', 0, 0, 0, 0, 0, 0),
(27, 2, 'Mararaba - Itam', 0, 0, 0, 0, 0, 0),
(28, 2, 'Mararaba - Awka', 0, 0, 0, 0, 0, 0),
(29, 2, 'Mararaba - Yenegoa', 0, 0, 0, 0, 0, 0),
(30, 2, 'Mararaba - Asaba', 0, 0, 0, 0, 0, 0),
(31, 2, 'Mararaba - Effurum', 0, 0, 0, 0, 0, 0),
(32, 2, 'Mararaba - Auchi', 0, 0, 0, 0, 0, 0),
(33, 2, 'Mararaba - Benin', 0, 0, 0, 0, 0, 0),
(34, 2, 'Mararaba - Ekpoma', 0, 0, 0, 0, 0, 0),
(35, 2, 'Mararaba - Enugu', 0, 0, 0, 0, 0, 0),
(36, 2, 'Mararaba - Owerri', 0, 0, 0, 0, 0, 0),
(37, 2, 'Mararaba - Ajah', 0, 0, 0, 0, 0, 0),
(38, 2, 'Mararaba - Festac', 0, 0, 0, 0, 0, 0),
(39, 2, 'Mararaba - Ikotun', 0, 0, 0, 0, 0, 0),
(40, 2, 'Mararaba - Iyana-Ipaja', 0, 0, 0, 0, 0, 0),
(41, 2, 'Mararaba - Ikorodu', 0, 0, 0, 0, 0, 0),
(42, 2, 'Mararaba - Volkswagen', 0, 0, 0, 0, 0, 0),
(43, 2, 'Mararaba - Yaba', 0, 0, 0, 0, 0, 0),
(44, 2, 'Mararaba - Port Harcourt', 0, 0, 0, 0, 0, 0),
(45, 3, 'Zuba - Umuahia', 0, 0, 0, 0, 0, 0),
(46, 3, 'Zuba - Mararaba', 0, 0, 0, 0, 0, 0),
(47, 3, 'Zuba - Utako', 0, 0, 0, 0, 0, 0),
(48, 3, 'Zuba - Kubwa', 0, 0, 0, 0, 0, 0),
(49, 3, 'Zuba - Itam', 0, 0, 0, 0, 0, 0),
(50, 3, 'Zuba - Awka', 0, 0, 0, 0, 0, 0),
(51, 3, 'Zuba - Yenegoa', 0, 0, 0, 0, 0, 0),
(52, 3, 'Zuba - Asaba', 0, 0, 0, 0, 0, 0),
(53, 3, 'Zuba - Effurum', 0, 0, 0, 0, 0, 0),
(54, 3, 'Zuba - Auchi', 0, 0, 0, 0, 0, 0),
(55, 3, 'Zuba - Benin', 0, 0, 0, 0, 0, 0),
(56, 3, 'Zuba - Ekpoma', 0, 0, 0, 0, 0, 0),
(57, 3, 'Zuba - Enugu', 0, 0, 0, 0, 0, 0),
(58, 3, 'Zuba - Owerri', 0, 0, 0, 0, 0, 0),
(59, 3, 'Zuba - Ajah', 0, 0, 0, 0, 0, 0),
(60, 3, 'Zuba - Festac', 0, 0, 0, 0, 0, 0),
(61, 3, 'Zuba - Ikotun', 0, 0, 0, 0, 0, 0),
(62, 3, 'Zuba - Iyana-Ipaja', 0, 0, 0, 0, 0, 0),
(63, 3, 'Zuba - Ikorodu', 0, 0, 0, 0, 0, 0),
(64, 3, 'Zuba - Volkswagen', 0, 0, 0, 0, 0, 0),
(65, 3, 'Zuba - Yaba', 0, 0, 0, 0, 0, 0),
(66, 3, 'Zuba - Port Harcourt', 0, 0, 0, 0, 0, 0),
(67, 4, 'Utako - Umuahia', 0, 0, 0, 0, 0, 0),
(68, 4, 'Utako - Mararaba', 0, 0, 0, 0, 0, 0),
(69, 4, 'Utako - Zuba', 0, 0, 0, 0, 0, 0),
(70, 4, 'Utako - Kubwa', 0, 0, 0, 0, 0, 0),
(71, 4, 'Utako - Itam', 0, 0, 0, 0, 0, 0),
(72, 4, 'Utako - Awka', 0, 0, 0, 0, 0, 0),
(73, 4, 'Utako - Yenegoa', 0, 0, 0, 0, 0, 0),
(74, 4, 'Utako - Asaba', 0, 0, 0, 0, 0, 0),
(75, 4, 'Utako - Effurum', 0, 0, 0, 0, 0, 0),
(76, 4, 'Utako - Auchi', 0, 0, 0, 0, 0, 0),
(77, 4, 'Utako - Benin', 0, 0, 0, 0, 0, 0),
(78, 4, 'Utako - Ekpoma', 0, 0, 0, 0, 0, 0),
(79, 4, 'Utako - Enugu', 0, 0, 0, 0, 0, 0),
(80, 4, 'Utako - Owerri', 0, 0, 0, 0, 0, 0),
(81, 4, 'Utako - Ajah', 0, 0, 0, 0, 0, 0),
(82, 4, 'Utako - Festac', 0, 0, 0, 0, 0, 0),
(83, 4, 'Utako - Ikotun', 0, 0, 0, 0, 0, 0),
(84, 4, 'Utako - Iyana-Ipaja', 0, 0, 0, 0, 0, 0),
(85, 4, 'Utako - Ikorodu', 0, 0, 0, 0, 0, 0),
(86, 4, 'Utako - Volkswagen', 0, 0, 0, 0, 0, 0),
(87, 4, 'Utako - Yaba', 0, 0, 0, 0, 0, 0),
(88, 4, 'Utako - Port Harcourt', 0, 0, 0, 0, 0, 0),
(89, 5, 'Kubwa - Umuahia', 0, 0, 0, 0, 0, 0),
(90, 5, 'Kubwa - Mararaba', 0, 0, 0, 0, 0, 0),
(91, 5, 'Kubwa - Zuba', 0, 0, 0, 0, 0, 0),
(92, 5, 'Kubwa - Utako', 0, 0, 0, 0, 0, 0),
(93, 5, 'Kubwa - Itam', 0, 0, 0, 0, 0, 0),
(94, 5, 'Kubwa - Awka', 0, 0, 0, 0, 0, 0),
(95, 5, 'Kubwa - Yenegoa', 0, 0, 0, 0, 0, 0),
(96, 5, 'Kubwa - Asaba', 0, 0, 0, 0, 0, 0),
(97, 5, 'Kubwa - Effurum', 0, 0, 0, 0, 0, 0),
(98, 5, 'Kubwa - Auchi', 0, 0, 0, 0, 0, 0),
(99, 5, 'Kubwa - Benin', 0, 0, 0, 0, 0, 0),
(100, 5, 'Kubwa - Ekpoma', 0, 0, 0, 0, 0, 0),
(101, 5, 'Kubwa - Enugu', 0, 0, 0, 0, 0, 0),
(102, 5, 'Kubwa - Owerri', 0, 0, 0, 0, 0, 0),
(103, 5, 'Kubwa - Ajah', 0, 0, 0, 0, 0, 0),
(104, 5, 'Kubwa - Festac', 0, 0, 0, 0, 0, 0),
(105, 5, 'Kubwa - Ikotun', 0, 0, 0, 0, 0, 0),
(106, 5, 'Kubwa - Iyana-Ipaja', 0, 0, 0, 0, 0, 0),
(107, 5, 'Kubwa - Ikorodu', 0, 0, 0, 0, 0, 0),
(108, 5, 'Kubwa - Volkswagen', 0, 0, 0, 0, 0, 0),
(109, 5, 'Kubwa - Yaba', 0, 0, 0, 0, 0, 0),
(110, 5, 'Kubwa - Port Harcourt', 0, 0, 0, 0, 0, 0),
(111, 6, 'Itam - Umuahia', 0, 0, 0, 0, 0, 0),
(112, 6, 'Itam - Mararaba', 0, 0, 0, 0, 0, 0),
(113, 6, 'Itam - Zuba', 0, 0, 0, 0, 0, 0),
(114, 6, 'Itam - Utako', 0, 0, 0, 0, 0, 0),
(115, 6, 'Itam - Kubwa', 0, 0, 0, 0, 0, 0),
(116, 6, 'Itam - Awka', 0, 0, 0, 0, 0, 0),
(117, 6, 'Itam - Yenegoa', 0, 0, 0, 0, 0, 0),
(118, 6, 'Itam - Asaba', 0, 0, 0, 0, 0, 0),
(119, 6, 'Itam - Effurum', 0, 0, 0, 0, 0, 0),
(120, 6, 'Itam - Auchi', 0, 0, 0, 0, 0, 0),
(121, 6, 'Itam - Benin', 0, 0, 0, 0, 0, 0),
(122, 6, 'Itam - Ekpoma', 0, 0, 0, 0, 0, 0),
(123, 6, 'Itam - Enugu', 0, 0, 0, 0, 0, 0),
(124, 6, 'Itam - Owerri', 0, 0, 0, 0, 0, 0),
(125, 6, 'Itam - Ajah', 0, 0, 0, 0, 0, 0),
(126, 6, 'Itam - Festac', 0, 0, 0, 0, 0, 0),
(127, 6, 'Itam - Ikotun', 0, 0, 0, 0, 0, 0),
(128, 6, 'Itam - Iyana-Ipaja', 0, 0, 0, 0, 0, 0),
(129, 6, 'Itam - Ikorodu', 0, 0, 0, 0, 0, 0),
(130, 6, 'Itam - Volkswagen', 0, 0, 0, 0, 0, 0),
(131, 6, 'Itam - Yaba', 0, 0, 0, 0, 0, 0),
(132, 6, 'Itam - Port Harcourt', 0, 0, 0, 0, 0, 0),
(133, 7, 'Awka - Umuahia', 0, 0, 0, 0, 0, 0),
(134, 7, 'Awka - Mararaba', 0, 0, 0, 0, 0, 0),
(135, 7, 'Awka - Zuba', 0, 0, 0, 0, 0, 0),
(136, 7, 'Awka - Utako', 0, 0, 0, 0, 0, 0),
(137, 7, 'Awka - Kubwa', 0, 0, 0, 0, 0, 0),
(138, 7, 'Awka - Itam', 0, 0, 0, 0, 0, 0),
(139, 7, 'Awka - Yenegoa', 0, 0, 0, 0, 0, 0),
(140, 7, 'Awka - Asaba', 0, 0, 0, 0, 0, 0),
(141, 7, 'Awka - Effurum', 0, 0, 0, 0, 0, 0),
(142, 7, 'Awka - Auchi', 0, 0, 0, 0, 0, 0),
(143, 7, 'Awka - Benin', 0, 0, 0, 0, 0, 0),
(144, 7, 'Awka - Ekpoma', 0, 0, 0, 0, 0, 0),
(145, 7, 'Awka - Enugu', 0, 0, 0, 0, 0, 0),
(146, 7, 'Awka - Owerri', 0, 0, 0, 0, 0, 0),
(147, 7, 'Awka - Ajah', 0, 0, 0, 0, 0, 0),
(148, 7, 'Awka - Festac', 0, 0, 0, 0, 0, 0),
(149, 7, 'Awka - Ikotun', 0, 0, 0, 0, 0, 0),
(150, 7, 'Awka - Iyana-Ipaja', 0, 0, 0, 0, 0, 0),
(151, 7, 'Awka - Ikorodu', 0, 0, 0, 0, 0, 0),
(152, 7, 'Awka - Volkswagen', 0, 0, 0, 0, 0, 0),
(153, 7, 'Awka - Yaba', 0, 0, 0, 0, 0, 0),
(154, 7, 'Awka - Port Harcourt', 0, 0, 0, 0, 0, 0),
(155, 8, 'Yenegoa - Umuahia', 0, 0, 0, 0, 0, 0),
(156, 8, 'Yenegoa - Mararaba', 0, 0, 0, 0, 0, 0),
(157, 8, 'Yenegoa - Zuba', 0, 0, 0, 0, 0, 0),
(158, 8, 'Yenegoa - Utako', 0, 0, 0, 0, 0, 0),
(159, 8, 'Yenegoa - Kubwa', 0, 0, 0, 0, 0, 0),
(160, 8, 'Yenegoa - Itam', 0, 0, 0, 0, 0, 0),
(161, 8, 'Yenegoa - Awka', 0, 0, 0, 0, 0, 0),
(162, 8, 'Yenegoa - Asaba', 0, 0, 0, 0, 0, 0),
(163, 8, 'Yenegoa - Effurum', 0, 0, 0, 0, 0, 0),
(164, 8, 'Yenegoa - Auchi', 0, 0, 0, 0, 0, 0),
(165, 8, 'Yenegoa - Benin', 0, 0, 0, 0, 0, 0),
(166, 8, 'Yenegoa - Ekpoma', 0, 0, 0, 0, 0, 0),
(167, 8, 'Yenegoa - Enugu', 0, 0, 0, 0, 0, 0),
(168, 8, 'Yenegoa - Owerri', 0, 0, 0, 0, 0, 0),
(169, 8, 'Yenegoa - Ajah', 0, 0, 0, 0, 0, 0),
(170, 8, 'Yenegoa - Festac', 0, 0, 0, 0, 0, 0),
(171, 8, 'Yenegoa - Ikotun', 0, 0, 0, 0, 0, 0),
(172, 8, 'Yenegoa - Iyana-Ipaja', 0, 0, 0, 0, 0, 0),
(173, 8, 'Yenegoa - Ikorodu', 0, 0, 0, 0, 0, 0),
(174, 8, 'Yenegoa - Volkswagen', 0, 0, 0, 0, 0, 0),
(175, 8, 'Yenegoa - Yaba', 0, 0, 0, 0, 0, 0),
(176, 8, 'Yenegoa - Port Harcourt', 0, 0, 0, 0, 0, 0),
(177, 9, 'Asaba - Umuahia', 0, 0, 0, 0, 0, 0),
(178, 9, 'Asaba - Mararaba', 0, 0, 0, 0, 0, 0),
(179, 9, 'Asaba - Zuba', 0, 0, 0, 0, 0, 0),
(180, 9, 'Asaba - Utako', 0, 0, 0, 0, 0, 0),
(181, 9, 'Asaba - Kubwa', 0, 0, 0, 0, 0, 0),
(182, 9, 'Asaba - Itam', 0, 0, 0, 0, 0, 0),
(183, 9, 'Asaba - Awka', 0, 0, 0, 0, 0, 0),
(184, 9, 'Asaba - Yenegoa', 0, 0, 0, 0, 0, 0),
(185, 9, 'Asaba - Effurum', 0, 0, 0, 0, 0, 0),
(186, 9, 'Asaba - Auchi', 0, 0, 0, 0, 0, 0),
(187, 9, 'Asaba - Benin', 0, 0, 0, 0, 0, 0),
(188, 9, 'Asaba - Ekpoma', 0, 0, 0, 0, 0, 0),
(189, 9, 'Asaba - Enugu', 0, 0, 0, 0, 0, 0),
(190, 9, 'Asaba - Owerri', 0, 0, 0, 0, 0, 0),
(191, 9, 'Asaba - Ajah', 0, 0, 0, 0, 0, 0),
(192, 9, 'Asaba - Festac', 0, 0, 0, 0, 0, 0),
(193, 9, 'Asaba - Ikotun', 0, 0, 0, 0, 0, 0),
(194, 9, 'Asaba - Iyana-Ipaja', 0, 0, 0, 0, 0, 0),
(195, 9, 'Asaba - Ikorodu', 0, 0, 0, 0, 0, 0),
(196, 9, 'Asaba - Volkswagen', 0, 0, 0, 0, 0, 0),
(197, 9, 'Asaba - Yaba', 0, 0, 0, 0, 0, 0),
(198, 9, 'Asaba - Port Harcourt', 0, 0, 0, 0, 0, 0),
(199, 10, 'Effurum - Umuahia', 0, 0, 0, 0, 0, 0),
(200, 10, 'Effurum - Mararaba', 0, 0, 0, 0, 0, 0),
(201, 10, 'Effurum - Zuba', 0, 0, 0, 0, 0, 0),
(202, 10, 'Effurum - Utako', 0, 0, 0, 0, 0, 0),
(203, 10, 'Effurum - Kubwa', 0, 0, 0, 0, 0, 0),
(204, 10, 'Effurum - Itam', 0, 0, 0, 0, 0, 0),
(205, 10, 'Effurum - Awka', 0, 0, 0, 0, 0, 0),
(206, 10, 'Effurum - Yenegoa', 0, 0, 0, 0, 0, 0),
(207, 10, 'Effurum - Asaba', 0, 0, 0, 0, 0, 0),
(208, 10, 'Effurum - Auchi', 0, 0, 0, 0, 0, 0),
(209, 10, 'Effurum - Benin', 0, 0, 0, 0, 0, 0),
(210, 10, 'Effurum - Ekpoma', 0, 0, 0, 0, 0, 0),
(211, 10, 'Effurum - Enugu', 0, 0, 0, 0, 0, 0),
(212, 10, 'Effurum - Owerri', 0, 0, 0, 0, 0, 0),
(213, 10, 'Effurum - Ajah', 0, 0, 0, 0, 0, 0),
(214, 10, 'Effurum - Festac', 0, 0, 0, 0, 0, 0),
(215, 10, 'Effurum - Ikotun', 0, 0, 0, 0, 0, 0),
(216, 10, 'Effurum - Iyana-Ipaja', 0, 0, 0, 0, 0, 0),
(217, 10, 'Effurum - Ikorodu', 0, 0, 0, 0, 0, 0),
(218, 10, 'Effurum - Volkswagen', 0, 0, 0, 0, 0, 0),
(219, 10, 'Effurum - Yaba', 0, 0, 0, 0, 0, 0),
(220, 10, 'Effurum - Port Harcourt', 0, 0, 0, 0, 0, 0),
(221, 11, 'Auchi - Umuahia', 0, 0, 0, 0, 0, 0),
(222, 11, 'Auchi - Mararaba', 0, 0, 0, 0, 0, 0),
(223, 11, 'Auchi - Zuba', 0, 0, 0, 0, 0, 0),
(224, 11, 'Auchi - Utako', 0, 0, 0, 0, 0, 0),
(225, 11, 'Auchi - Kubwa', 0, 0, 0, 0, 0, 0),
(226, 11, 'Auchi - Itam', 0, 0, 0, 0, 0, 0),
(227, 11, 'Auchi - Awka', 0, 0, 0, 0, 0, 0),
(228, 11, 'Auchi - Yenegoa', 0, 0, 0, 0, 0, 0),
(229, 11, 'Auchi - Asaba', 0, 0, 0, 0, 0, 0),
(230, 11, 'Auchi - Effurum', 0, 0, 0, 0, 0, 0),
(231, 11, 'Auchi - Benin', 0, 0, 0, 0, 0, 0),
(232, 11, 'Auchi - Ekpoma', 0, 0, 0, 0, 0, 0),
(233, 11, 'Auchi - Enugu', 0, 0, 0, 0, 0, 0),
(234, 11, 'Auchi - Owerri', 0, 0, 0, 0, 0, 0),
(235, 11, 'Auchi - Ajah', 0, 0, 0, 0, 0, 0),
(236, 11, 'Auchi - Festac', 0, 0, 0, 0, 0, 0),
(237, 11, 'Auchi - Ikotun', 0, 0, 0, 0, 0, 0),
(238, 11, 'Auchi - Iyana-Ipaja', 0, 0, 0, 0, 0, 0),
(239, 11, 'Auchi - Ikorodu', 0, 0, 0, 0, 0, 0),
(240, 11, 'Auchi - Volkswagen', 0, 0, 0, 0, 0, 0),
(241, 11, 'Auchi - Yaba', 0, 0, 0, 0, 0, 0),
(242, 11, 'Auchi - Port Harcourt', 0, 0, 0, 0, 0, 0),
(243, 12, 'Benin - Umuahia', 0, 0, 0, 0, 0, 0),
(244, 12, 'Benin - Mararaba', 0, 0, 0, 0, 0, 0),
(245, 12, 'Benin - Zuba', 0, 0, 0, 0, 0, 0),
(246, 12, 'Benin - Utako', 0, 0, 0, 0, 0, 0),
(247, 12, 'Benin - Kubwa', 0, 0, 0, 0, 0, 0),
(248, 12, 'Benin - Itam', 0, 0, 0, 0, 0, 0),
(249, 12, 'Benin - Awka', 0, 0, 0, 0, 0, 0),
(250, 12, 'Benin - Yenegoa', 0, 0, 0, 0, 0, 0),
(251, 12, 'Benin - Asaba', 0, 0, 0, 0, 0, 0),
(252, 12, 'Benin - Effurum', 0, 0, 0, 0, 0, 0),
(253, 12, 'Benin - Auchi', 0, 0, 0, 0, 0, 0),
(254, 12, 'Benin - Ekpoma', 0, 0, 0, 0, 0, 0),
(255, 12, 'Benin - Enugu', 0, 0, 0, 0, 0, 0),
(256, 12, 'Benin - Owerri', 0, 0, 0, 0, 0, 0),
(257, 12, 'Benin - Ajah', 0, 0, 0, 0, 0, 0),
(258, 12, 'Benin - Festac', 0, 0, 0, 0, 0, 0),
(259, 12, 'Benin - Ikotun', 0, 0, 0, 0, 0, 0),
(260, 12, 'Benin - Iyana-Ipaja', 0, 0, 0, 0, 0, 0),
(261, 12, 'Benin - Ikorodu', 0, 0, 0, 0, 0, 0),
(262, 12, 'Benin - Volkswagen', 0, 0, 0, 0, 0, 0),
(263, 12, 'Benin - Yaba', 0, 0, 0, 0, 0, 0),
(264, 12, 'Benin - Port Harcourt', 0, 0, 0, 0, 0, 0),
(265, 13, 'Ekpoma - Umuahia', 0, 0, 0, 0, 0, 0),
(266, 13, 'Ekpoma - Mararaba', 0, 0, 0, 0, 0, 0),
(267, 13, 'Ekpoma - Zuba', 0, 0, 0, 0, 0, 0),
(268, 13, 'Ekpoma - Utako', 0, 0, 0, 0, 0, 0),
(269, 13, 'Ekpoma - Kubwa', 0, 0, 0, 0, 0, 0),
(270, 13, 'Ekpoma - Itam', 0, 0, 0, 0, 0, 0),
(271, 13, 'Ekpoma - Awka', 0, 0, 0, 0, 0, 0),
(272, 13, 'Ekpoma - Yenegoa', 0, 0, 0, 0, 0, 0),
(273, 13, 'Ekpoma - Asaba', 0, 0, 0, 0, 0, 0),
(274, 13, 'Ekpoma - Effurum', 0, 0, 0, 0, 0, 0),
(275, 13, 'Ekpoma - Auchi', 0, 0, 0, 0, 0, 0),
(276, 13, 'Ekpoma - Benin', 0, 0, 0, 0, 0, 0),
(277, 13, 'Ekpoma - Enugu', 0, 0, 0, 0, 0, 0),
(278, 13, 'Ekpoma - Owerri', 0, 0, 0, 0, 0, 0),
(279, 13, 'Ekpoma - Ajah', 0, 0, 0, 0, 0, 0),
(280, 13, 'Ekpoma - Festac', 0, 0, 0, 0, 0, 0),
(281, 13, 'Ekpoma - Ikotun', 0, 0, 0, 0, 0, 0),
(282, 13, 'Ekpoma - Iyana-Ipaja', 0, 0, 0, 0, 0, 0),
(283, 13, 'Ekpoma - Ikorodu', 0, 0, 0, 0, 0, 0),
(284, 13, 'Ekpoma - Volkswagen', 0, 0, 0, 0, 0, 0),
(285, 13, 'Ekpoma - Yaba', 0, 0, 0, 0, 0, 0),
(286, 13, 'Ekpoma - Port Harcourt', 0, 0, 0, 0, 0, 0),
(287, 14, 'Enugu - Umuahia', 2000, 2300, 2500, 0, 0, 0),
(288, 14, 'Enugu - Mararaba', 6000, 6300, 6500, 0, 0, 0),
(289, 14, 'Enugu - Zuba', 5800, 6100, 6300, 0, 0, 0),
(290, 14, 'Enugu - Utako', 3000, 3200, 3500, 0, 0, 0),
(291, 14, 'Enugu - Kubwa', 2500, 2700, 3000, 12, 0, 0),
(292, 14, 'Enugu - Itam', 2800, 3000, 3200, 0, 0, 0),
(293, 14, 'Enugu - Awka', 1200, 1500, 1700, 0, 0, 0),
(294, 14, 'Enugu - Yenegoa', 2800, 3000, 3300, 0, 0, 0),
(295, 14, 'Enugu - Asaba', 1800, 2000, 2300, 0, 0, 0),
(296, 14, 'Enugu - Effurum', 2800, 3000, 3500, 0, 0, 0),
(297, 14, 'Enugu - Auchi', 3000, 3200, 3500, 0, 0, 0),
(298, 14, 'Enugu - Benin', 3100, 3400, 3700, 0, 0, 0),
(299, 14, 'Enugu - Ekpoma', 3000, 3200, 3500, 0, 0, 0),
(300, 14, 'Enugu - Owerri', 2800, 3000, 3200, 0, 0, 0),
(301, 14, 'Enugu - Ajah', 4800, 5000, 5300, 0, 0, 0),
(302, 14, 'Enugu - Festac', 5000, 5300, 5500, 0, 0, 0),
(303, 14, 'Enugu - Ikotun', 5500, 6000, 6200, 0, 0, 0),
(304, 14, 'Enugu - Iyana-Ipaja', 5200, 5500, 5800, 0, 0, 0),
(305, 14, 'Enugu - Ikorodu', 5500, 5800, 6000, 0, 0, 0),
(306, 14, 'Enugu - Volkswagen', 4500, 5000, 5300, 0, 0, 0),
(307, 14, 'Enugu - Yaba', 5400, 5500, 5800, 0, 0, 0),
(308, 14, 'Enugu - Port Harcourt', 2500, 2700, 3000, 0, 0, 0),
(309, 15, 'Owerri - Umuahia', 1500, 1700, 2000, 0, 0, 0),
(310, 15, 'Owerri - Mararaba', 6000, 6500, 6700, 0, 0, 0),
(311, 15, 'Owerri - Zuba', 0, 0, 0, 0, 0, 0),
(312, 15, 'Owerri - Utako', 0, 0, 0, 0, 0, 0),
(313, 15, 'Owerri - Kubwa', 0, 0, 0, 0, 0, 0),
(314, 15, 'Owerri - Itam', 0, 0, 0, 0, 0, 0),
(315, 15, 'Owerri - Awka', 0, 0, 0, 0, 0, 0),
(316, 15, 'Owerri - Yenegoa', 0, 0, 0, 0, 0, 0),
(317, 15, 'Owerri - Asaba', 0, 0, 0, 0, 0, 0),
(318, 15, 'Owerri - Effurum', 0, 0, 0, 0, 0, 0),
(319, 15, 'Owerri - Auchi', 0, 0, 0, 0, 0, 0),
(320, 15, 'Owerri - Benin', 0, 0, 0, 0, 0, 0),
(321, 15, 'Owerri - Ekpoma', 0, 0, 0, 0, 0, 0),
(322, 15, 'Owerri - Enugu', 0, 0, 0, 0, 0, 0),
(323, 15, 'Owerri - Ajah', 0, 0, 0, 0, 0, 0),
(324, 15, 'Owerri - Festac', 7000, 7300, 7500, 0, 0, 0),
(325, 15, 'Owerri - Ikotun', 0, 0, 0, 0, 0, 0),
(326, 15, 'Owerri - Iyana-Ipaja', 0, 0, 0, 0, 0, 0),
(327, 15, 'Owerri - Ikorodu', 0, 0, 0, 0, 0, 0),
(328, 15, 'Owerri - Volkswagen', 0, 0, 0, 0, 0, 0),
(329, 15, 'Owerri - Yaba', 0, 0, 0, 0, 0, 0),
(330, 15, 'Owerri - Port Harcourt', 0, 0, 0, 0, 0, 0),
(331, 16, 'Ajah - Umuahia', 3000, 3300, 3500, 0, 0, 0),
(332, 16, 'Ajah - Mararaba', 0, 0, 0, 0, 0, 0),
(333, 16, 'Ajah - Zuba', 0, 0, 0, 0, 0, 0),
(334, 16, 'Ajah - Utako', 0, 0, 0, 0, 0, 0),
(335, 16, 'Ajah - Kubwa', 0, 0, 0, 0, 0, 0),
(336, 16, 'Ajah - Itam', 0, 0, 0, 0, 0, 0),
(337, 16, 'Ajah - Awka', 0, 0, 0, 0, 0, 0),
(338, 16, 'Ajah - Yenegoa', 0, 0, 0, 0, 0, 0),
(339, 16, 'Ajah - Asaba', 0, 0, 0, 0, 0, 0),
(340, 16, 'Ajah - Effurum', 0, 0, 0, 0, 0, 0),
(341, 16, 'Ajah - Auchi', 0, 0, 0, 0, 0, 0),
(342, 16, 'Ajah - Benin', 0, 0, 0, 0, 0, 0),
(343, 16, 'Ajah - Ekpoma', 0, 0, 0, 0, 0, 0),
(344, 16, 'Ajah - Enugu', 0, 0, 0, 0, 0, 0),
(345, 16, 'Ajah - Owerri', 0, 0, 0, 0, 0, 0),
(346, 16, 'Ajah - Festac', 0, 0, 0, 0, 0, 0),
(347, 16, 'Ajah - Ikotun', 0, 0, 0, 0, 0, 0),
(348, 16, 'Ajah - Iyana-Ipaja', 0, 0, 0, 0, 0, 0),
(349, 16, 'Ajah - Ikorodu', 0, 0, 0, 0, 0, 0),
(350, 16, 'Ajah - Volkswagen', 0, 0, 0, 0, 0, 0),
(351, 16, 'Ajah - Yaba', 0, 0, 0, 0, 0, 0),
(352, 16, 'Ajah - Port Harcourt', 0, 0, 0, 0, 0, 0),
(353, 17, 'Festac - Umuahia', 0, 0, 0, 0, 0, 0),
(354, 17, 'Festac - Mararaba', 0, 0, 0, 0, 0, 0),
(355, 17, 'Festac - Zuba', 0, 0, 0, 0, 0, 0),
(356, 17, 'Festac - Utako', 0, 0, 0, 0, 0, 0),
(357, 17, 'Festac - Kubwa', 0, 0, 0, 0, 0, 0),
(358, 17, 'Festac - Itam', 0, 0, 0, 0, 0, 0),
(359, 17, 'Festac - Awka', 0, 0, 0, 0, 0, 0),
(360, 17, 'Festac - Yenegoa', 0, 0, 0, 0, 0, 0),
(361, 17, 'Festac - Asaba', 0, 0, 0, 0, 0, 0),
(362, 17, 'Festac - Effurum', 0, 0, 0, 0, 0, 0),
(363, 17, 'Festac - Auchi', 0, 0, 0, 0, 0, 0),
(364, 17, 'Festac - Benin', 0, 0, 0, 0, 0, 0),
(365, 17, 'Festac - Ekpoma', 0, 0, 0, 0, 0, 0),
(366, 17, 'Festac - Enugu', 0, 0, 0, 0, 0, 0),
(367, 17, 'Festac - Owerri', 0, 0, 0, 0, 0, 0),
(368, 17, 'Festac - Ajah', 0, 0, 0, 0, 0, 0),
(369, 17, 'Festac - Ikotun', 0, 0, 0, 0, 0, 0),
(370, 17, 'Festac - Iyana-Ipaja', 0, 0, 0, 0, 0, 0),
(371, 17, 'Festac - Ikorodu', 0, 0, 0, 0, 0, 0),
(372, 17, 'Festac - Volkswagen', 0, 0, 0, 0, 0, 0),
(373, 17, 'Festac - Yaba', 0, 0, 0, 0, 0, 0),
(374, 17, 'Festac - Port Harcourt', 0, 0, 0, 0, 0, 0),
(375, 18, 'Ikotun - Umuahia', 0, 0, 0, 0, 0, 0),
(376, 18, 'Ikotun - Mararaba', 0, 0, 0, 0, 0, 0),
(377, 18, 'Ikotun - Zuba', 0, 0, 0, 0, 0, 0),
(378, 18, 'Ikotun - Utako', 0, 0, 0, 0, 0, 0),
(379, 18, 'Ikotun - Kubwa', 0, 0, 0, 0, 0, 0),
(380, 18, 'Ikotun - Itam', 0, 0, 0, 0, 0, 0),
(381, 18, 'Ikotun - Awka', 0, 0, 0, 0, 0, 0),
(382, 18, 'Ikotun - Yenegoa', 0, 0, 0, 0, 0, 0),
(383, 18, 'Ikotun - Asaba', 0, 0, 0, 0, 0, 0),
(384, 18, 'Ikotun - Effurum', 0, 0, 0, 0, 0, 0),
(385, 18, 'Ikotun - Auchi', 0, 0, 0, 0, 0, 0),
(386, 18, 'Ikotun - Benin', 0, 0, 0, 0, 0, 0),
(387, 18, 'Ikotun - Ekpoma', 0, 0, 0, 0, 0, 0),
(388, 18, 'Ikotun - Enugu', 0, 0, 0, 0, 0, 0),
(389, 18, 'Ikotun - Owerri', 0, 0, 0, 0, 0, 0),
(390, 18, 'Ikotun - Ajah', 0, 0, 0, 0, 0, 0),
(391, 18, 'Ikotun - Festac', 0, 0, 0, 0, 0, 0),
(392, 18, 'Ikotun - Iyana-Ipaja', 0, 0, 0, 0, 0, 0),
(393, 18, 'Ikotun - Ikorodu', 0, 0, 0, 0, 0, 0),
(394, 18, 'Ikotun - Volkswagen', 0, 0, 0, 0, 0, 0),
(395, 18, 'Ikotun - Yaba', 0, 0, 0, 0, 0, 0),
(396, 18, 'Ikotun - Port Harcourt', 0, 0, 0, 0, 0, 0),
(397, 19, 'Iyana-Ipaja - Umuahia', 0, 0, 0, 0, 0, 0),
(398, 19, 'Iyana-Ipaja - Mararaba', 0, 0, 0, 0, 0, 0),
(399, 19, 'Iyana-Ipaja - Zuba', 0, 0, 0, 0, 0, 0),
(400, 19, 'Iyana-Ipaja - Utako', 0, 0, 0, 0, 0, 0),
(401, 19, 'Iyana-Ipaja - Kubwa', 0, 0, 0, 0, 0, 0),
(402, 19, 'Iyana-Ipaja - Itam', 0, 0, 0, 0, 0, 0),
(403, 19, 'Iyana-Ipaja - Awka', 0, 0, 0, 0, 0, 0),
(404, 19, 'Iyana-Ipaja - Yenegoa', 0, 0, 0, 0, 0, 0),
(405, 19, 'Iyana-Ipaja - Asaba', 0, 0, 0, 0, 0, 0),
(406, 19, 'Iyana-Ipaja - Effurum', 0, 0, 0, 0, 0, 0),
(407, 19, 'Iyana-Ipaja - Auchi', 0, 0, 0, 0, 0, 0),
(408, 19, 'Iyana-Ipaja - Benin', 0, 0, 0, 0, 0, 0),
(409, 19, 'Iyana-Ipaja - Ekpoma', 0, 0, 0, 0, 0, 0),
(410, 19, 'Iyana-Ipaja - Enugu', 0, 0, 0, 0, 0, 0),
(411, 19, 'Iyana-Ipaja - Owerri', 0, 0, 0, 0, 0, 0),
(412, 19, 'Iyana-Ipaja - Ajah', 0, 0, 0, 0, 0, 0),
(413, 19, 'Iyana-Ipaja - Festac', 0, 0, 0, 0, 0, 0),
(414, 19, 'Iyana-Ipaja - Ikotun', 0, 0, 0, 0, 0, 0),
(415, 19, 'Iyana-Ipaja - Ikorodu', 0, 0, 0, 0, 0, 0),
(416, 19, 'Iyana-Ipaja - Volkswagen', 0, 0, 0, 0, 0, 0),
(417, 19, 'Iyana-Ipaja - Yaba', 0, 0, 0, 0, 0, 0),
(418, 19, 'Iyana-Ipaja - Port Harcourt', 0, 0, 0, 0, 0, 0),
(419, 20, 'Ikorodu - Umuahia', 0, 0, 0, 0, 0, 0),
(420, 20, 'Ikorodu - Mararaba', 0, 0, 0, 0, 0, 0),
(421, 20, 'Ikorodu - Zuba', 0, 0, 0, 0, 0, 0),
(422, 20, 'Ikorodu - Utako', 0, 0, 0, 0, 0, 0),
(423, 20, 'Ikorodu - Kubwa', 0, 0, 0, 0, 0, 0),
(424, 20, 'Ikorodu - Itam', 0, 0, 0, 0, 0, 0),
(425, 20, 'Ikorodu - Awka', 0, 0, 0, 0, 0, 0),
(426, 20, 'Ikorodu - Yenegoa', 0, 0, 0, 0, 0, 0),
(427, 20, 'Ikorodu - Asaba', 0, 0, 0, 0, 0, 0),
(428, 20, 'Ikorodu - Effurum', 0, 0, 0, 0, 0, 0),
(429, 20, 'Ikorodu - Auchi', 0, 0, 0, 0, 0, 0),
(430, 20, 'Ikorodu - Benin', 0, 0, 0, 0, 0, 0),
(431, 20, 'Ikorodu - Ekpoma', 0, 0, 0, 0, 0, 0),
(432, 20, 'Ikorodu - Enugu', 0, 0, 0, 0, 0, 0),
(433, 20, 'Ikorodu - Owerri', 0, 0, 0, 0, 0, 0),
(434, 20, 'Ikorodu - Ajah', 0, 0, 0, 0, 0, 0),
(435, 20, 'Ikorodu - Festac', 0, 0, 0, 0, 0, 0),
(436, 20, 'Ikorodu - Ikotun', 0, 0, 0, 0, 0, 0),
(437, 20, 'Ikorodu - Iyana-Ipaja', 0, 0, 0, 0, 0, 0),
(438, 20, 'Ikorodu - Volkswagen', 0, 0, 0, 0, 0, 0),
(439, 20, 'Ikorodu - Yaba', 0, 0, 0, 0, 0, 0),
(440, 20, 'Ikorodu - Port Harcourt', 0, 0, 0, 0, 0, 0),
(441, 21, 'Volkswagen - Umuahia', 0, 0, 0, 0, 0, 0),
(442, 21, 'Volkswagen - Mararaba', 0, 0, 0, 0, 0, 0),
(443, 21, 'Volkswagen - Zuba', 0, 0, 0, 0, 0, 0),
(444, 21, 'Volkswagen - Utako', 0, 0, 0, 0, 0, 0),
(445, 21, 'Volkswagen - Kubwa', 0, 0, 0, 0, 0, 0),
(446, 21, 'Volkswagen - Itam', 0, 0, 0, 0, 0, 0),
(447, 21, 'Volkswagen - Awka', 0, 0, 0, 0, 0, 0),
(448, 21, 'Volkswagen - Yenegoa', 0, 0, 0, 0, 0, 0),
(449, 21, 'Volkswagen - Asaba', 0, 0, 0, 0, 0, 0),
(450, 21, 'Volkswagen - Effurum', 0, 0, 0, 0, 0, 0),
(451, 21, 'Volkswagen - Auchi', 0, 0, 0, 0, 0, 0),
(452, 21, 'Volkswagen - Benin', 0, 0, 0, 0, 0, 0),
(453, 21, 'Volkswagen - Ekpoma', 0, 0, 0, 0, 0, 0),
(454, 21, 'Volkswagen - Enugu', 0, 0, 0, 0, 0, 0),
(455, 21, 'Volkswagen - Owerri', 0, 0, 0, 0, 0, 0),
(456, 21, 'Volkswagen - Ajah', 0, 0, 0, 0, 0, 0),
(457, 21, 'Volkswagen - Festac', 0, 0, 0, 0, 0, 0),
(458, 21, 'Volkswagen - Ikotun', 0, 0, 0, 0, 0, 0),
(459, 21, 'Volkswagen - Iyana-Ipaja', 0, 0, 0, 0, 0, 0),
(460, 21, 'Volkswagen - Ikorodu', 0, 0, 0, 0, 0, 0),
(461, 21, 'Volkswagen - Yaba', 0, 0, 0, 0, 0, 0),
(462, 21, 'Volkswagen - Port Harcourt', 0, 0, 0, 0, 0, 0),
(463, 22, 'Yaba - Umuahia', 0, 0, 0, 0, 0, 0),
(464, 22, 'Yaba - Mararaba', 0, 0, 0, 0, 0, 0),
(465, 22, 'Yaba - Zuba', 0, 0, 0, 0, 0, 0),
(466, 22, 'Yaba - Utako', 0, 0, 0, 0, 0, 0),
(467, 22, 'Yaba - Kubwa', 0, 0, 0, 0, 0, 0),
(468, 22, 'Yaba - Itam', 0, 0, 0, 0, 0, 0),
(469, 22, 'Yaba - Awka', 0, 0, 0, 0, 0, 0),
(470, 22, 'Yaba - Yenegoa', 0, 0, 0, 0, 0, 0),
(471, 22, 'Yaba - Asaba', 0, 0, 0, 0, 0, 0),
(472, 22, 'Yaba - Effurum', 0, 0, 0, 0, 0, 0),
(473, 22, 'Yaba - Auchi', 0, 0, 0, 0, 0, 0),
(474, 22, 'Yaba - Benin', 0, 0, 0, 0, 0, 0),
(475, 22, 'Yaba - Ekpoma', 0, 0, 0, 0, 0, 0),
(476, 22, 'Yaba - Enugu', 0, 0, 0, 0, 0, 0),
(477, 22, 'Yaba - Owerri', 0, 0, 0, 0, 0, 0),
(478, 22, 'Yaba - Ajah', 0, 0, 0, 0, 0, 0),
(479, 22, 'Yaba - Festac', 0, 0, 0, 0, 0, 0),
(480, 22, 'Yaba - Ikotun', 0, 0, 0, 0, 0, 0),
(481, 22, 'Yaba - Iyana-Ipaja', 0, 0, 0, 0, 0, 0),
(482, 22, 'Yaba - Ikorodu', 0, 0, 0, 0, 0, 0),
(483, 22, 'Yaba - Volkswagen', 0, 0, 0, 0, 0, 0),
(484, 22, 'Yaba - Port Harcourt', 0, 0, 0, 0, 0, 0),
(485, 23, 'Port Harcourt - Umuahia', 0, 0, 0, 0, 0, 0),
(486, 23, 'Port Harcourt - Mararaba', 0, 0, 0, 0, 0, 0),
(487, 23, 'Port Harcourt - Zuba', 0, 0, 0, 0, 0, 0),
(488, 23, 'Port Harcourt - Utako', 0, 0, 0, 0, 0, 0),
(489, 23, 'Port Harcourt - Kubwa', 0, 0, 0, 0, 0, 0),
(490, 23, 'Port Harcourt - Itam', 0, 0, 0, 0, 0, 0),
(491, 23, 'Port Harcourt - Awka', 0, 0, 0, 0, 0, 0),
(492, 23, 'Port Harcourt - Yenegoa', 0, 0, 0, 0, 0, 0),
(493, 23, 'Port Harcourt - Asaba', 0, 0, 0, 0, 0, 0),
(494, 23, 'Port Harcourt - Effurum', 0, 0, 0, 0, 0, 0),
(495, 23, 'Port Harcourt - Auchi', 0, 0, 0, 0, 0, 0),
(496, 23, 'Port Harcourt - Benin', 0, 0, 0, 0, 0, 0),
(497, 23, 'Port Harcourt - Ekpoma', 0, 0, 0, 0, 0, 0),
(498, 23, 'Port Harcourt - Enugu', 0, 0, 0, 0, 0, 0),
(499, 23, 'Port Harcourt - Owerri', 0, 0, 0, 0, 0, 0),
(500, 23, 'Port Harcourt - Ajah', 0, 0, 0, 0, 0, 0),
(501, 23, 'Port Harcourt - Festac', 0, 0, 0, 0, 0, 0),
(502, 23, 'Port Harcourt - Ikotun', 0, 0, 0, 0, 0, 0),
(503, 23, 'Port Harcourt - Iyana-Ipaja', 0, 0, 0, 0, 0, 0),
(504, 23, 'Port Harcourt - Ikorodu', 0, 0, 0, 0, 0, 0),
(505, 23, 'Port Harcourt - Volkswagen', 0, 0, 0, 0, 0, 0),
(506, 23, 'Port Harcourt - Yaba', 0, 0, 0, 0, 0, 0);

-- --------------------------------------------------------

--
-- Table structure for table `driver_info`
--

DROP TABLE IF EXISTS `driver_info`;
CREATE TABLE IF NOT EXISTS `driver_info` (
  `id` int(11) NOT NULL AUTO_INCREMENT,
  `driver_id` varchar(20) NOT NULL,
  `car_id` int(11) NOT NULL,
  `surname` varchar(20) NOT NULL,
  `firstname` varchar(20) NOT NULL,
  `othername` varchar(20) NOT NULL,
  `birthday` varchar(20) NOT NULL,
  `sex` varchar(11) DEFAULT NULL,
  `licence` varchar(100) NOT NULL,
  `state` varchar(20) DEFAULT NULL,
  `lga` varchar(40) DEFAULT NULL,
  `nation` varchar(20) NOT NULL,
  `phone` varchar(20) NOT NULL,
  `email` varchar(40) NOT NULL,
  `perm_address` varchar(40) NOT NULL,
  `resid_address` varchar(40) NOT NULL,
  `car_model` varchar(20) NOT NULL,
  `engine` varchar(20) NOT NULL,
  `plate_no` varchar(20) NOT NULL,
  `seaters` int(10) NOT NULL,
  `route` varchar(40) NOT NULL,
  `former_driver` varchar(80) DEFAULT NULL,
  `kin_surname` varchar(20) NOT NULL,
  `kin_othername` varchar(40) NOT NULL,
  `kin_phone` varchar(20) NOT NULL,
  `kin_relation` varchar(20) NOT NULL,
  `kin_email` varchar(40) DEFAULT NULL,
  `kin_address` varchar(40) NOT NULL,
  PRIMARY KEY (`id`)
) ENGINE=InnoDB AUTO_INCREMENT=12 DEFAULT CHARSET=latin1;

--
-- Dumping data for table `driver_info`
--

INSERT INTO `driver_info` (`id`, `driver_id`, `car_id`, `surname`, `firstname`, `othername`, `birthday`, `sex`, `licence`, `state`, `lga`, `nation`, `phone`, `email`, `perm_address`, `resid_address`, `car_model`, `engine`, `plate_no`, `seaters`, `route`, `former_driver`, `kin_surname`, `kin_othername`, `kin_phone`, `kin_relation`, `kin_email`, `kin_address`) VALUES
(3, 'GIGM927', 663, 'kenny', 'tonny', 'tony', '28', 'Male', '12213343', 'Enugu', 'Udi Agwu?', 'Nigeria ', '2888888888', 'sp@g.com', 'no 23 the road city enugu', 'no 30 human street abah town road', 'Hiace', '90898978977', 'kw234hwy', 12, 'Enugu - Kubwa', NULL, 'emeka', 'tony', '08023441234', 'brother', 'emmy@yahoo.com', 'no 34 the place am staying now'),
(4, 'GIGM219', 868, 'charles', 'chigozie', 'ekpem', '31', 'Male', '12213343', 'Abia', '?Bende?', 'Nigeria ', '09023434344', 'chigo@gmail.com', 'adani', 'no 30 human street abah town road', 'Hiace', '90898978977', 'enu564we', 12, 'Enugu - Ikorodu', NULL, 'warribo', 'ozoani', '07023423123', 'brother', 'warribo@yahoo.com', 'no 3 personal home of the saint '),
(5, 'GIGM745', 677, 'micheal', 'chima', 'chidi', '29', 'Male', '12213343', 'Enugu', 'Nsukka?', 'Nigeria ', '2888888888', 'sp@g.com', 'nsukka', 'upper chime enugu', 'Sienna', '09909099099', 'uw234tyd', 8, 'Enugu - Yaba', NULL, 'chika', 'samuel', '09834344343', 'brother', 'sdsfsdf@tyy.com', 'the area then'),
(6, 'GIGM353', 364, 'micheal', 'somm', 'solomon', '29', 'Male', '12213343', 'Enugu', 'Enugu Eas?', 'Nigeria ', '09056423433', 'chi@gmail.com', 'adani', 'the area is mine street', 'Sienna', '09909099099', 'uw234tyd', 8, 'Enugu - Iyana-Ipaja', NULL, 'johnson', 'ozoani', '07023423123', 'brother', 'sdsfsdf@tyy.com', 'the area then'),
(7, 'GIGM509', 259, 'neche', 'chime', 'chika', '25', 'Male', '89345434', 'Enugu', 'Ezeagu?', 'Nigeria ', '09056423433', 'hi@g.com', 'the area is very cool', 'township side', 'Sienna', '893232434343', 'hjr232ku', 8, 'Enugu - Awka', NULL, 'govin', 'queen', '98988998', 'sister', 'sis@f.com', 'the man house'),
(8, 'GIGM399', 637, 'bjbjhbjb', 'n b', 'jhj', '23', 'Male', '9897980090', 'Imo', 'Ohaji/Egbema?', 'Nigeria ', '09056423433', 'sparkyglobe@gmal.com', 'calabar', 'the area is mine street', 'Sprinter', '09909099099', 'uw234tyd', 8, 'Enugu - Umuahia', NULL, 'johnson', 'ozoani', '07023423123', 'brother', 'emmy@yahoo.com', 'no 34 the place am staying now'),
(9, 'GIGM778', 952, 'jbjbj', 'jbjhb', ' jhjhbjh', '28', 'Male', '9897980090', 'Imo', 'Aboh-Mbaise?', 'Nigeria ', '09056423433', 'calist4god23@yahoo.com', 'adani', 'the area is mine street', 'Sprinter', '09909099099', 'uw234tyd', 8, 'Enugu - Umuahia', NULL, 'emeka', 'goodman', '07034564543', 'cousin', 'good@yahoo.com', 'the place all the day'),
(10, 'GIGM899', 469, 'ugwuede', 'klui', 'nhbjbj', '34', 'Male', '5666557657', 'Ebonyi', 'Afikpo South?', 'Nigeria ', '09056423433', 'bbh@g.com', 'vjjjhj', 'hjbjh', 'Sienna', '7u9uu8', 'kw234hwy', 8, 'Enugu - Kubwa', NULL, 'johnson', 'ozoani', '07034564543', 'sister', 'warribo@yahoo.com', 'the area then'),
(11, 'GIGM524', 132, 'bhh', 'chima', 'css', '29', 'Male', '48909823', 'Imo', 'Aboh-Mbaise?', 'Nigeria ', '09056423433', 'calist4god23@yahoo.com', 'no 23 the road city enugu', 'upper chime enugu', 'Hiace', '33421344343', 'uw234tyd', 12, 'Enugu - Kubwa', NULL, 'warribo', 'goodman', '07034564543', 'cousin', 'warribo@yahoo.com', 'no 34 the place am staying now');

-- --------------------------------------------------------

--
-- Table structure for table `history`
--

DROP TABLE IF EXISTS `history`;
CREATE TABLE IF NOT EXISTS `history` (
  `id` int(11) NOT NULL AUTO_INCREMENT,
  `motoid` varchar(40) NOT NULL,
  `driverid` varchar(40) NOT NULL,
  `route` varchar(100) NOT NULL,
  `bus` varchar(20) NOT NULL,
  `trip` int(11) NOT NULL,
  `passenger` int(11) NOT NULL,
  `income` float NOT NULL,
  `expenditure` float NOT NULL,
  `net` float NOT NULL,
  `datework` datetime NOT NULL DEFAULT CURRENT_TIMESTAMP,
  PRIMARY KEY (`id`)
) ENGINE=InnoDB AUTO_INCREMENT=9 DEFAULT CHARSET=latin1;

--
-- Dumping data for table `history`
--

INSERT INTO `history` (`id`, `motoid`, `driverid`, `route`, `bus`, `trip`, `passenger`, `income`, `expenditure`, `net`, `datework`) VALUES
(1, '952', 'GIGM778', 'Enugu - Umuahia', 'bus', 1, 8, 20000, 7600, 12400, '2018-08-25 09:36:39'),
(2, '952', 'GIGM778', 'Enugu - Umuahia', 'bus', 1, 8, 20000, 7600, 12400, '2018-08-25 09:37:17'),
(3, '663', 'GIGM927', 'Enugu - Kubwa', 'bus', 1, 14, 35000, 12000, 23000, '2018-08-25 09:46:08'),
(4, '677', 'GIGM745', 'Enugu - Yaba', 'bus', 1, 11, 60500, 10234, 50266, '2018-08-25 09:53:11'),
(5, '868', 'GIGM219', 'Enugu - Ikorodu', 'bus', 1, 0, 0, 0, 0, '2018-09-14 00:52:40'),
(6, '663', 'GIGM927', 'Enugu - Kubwa', 'bus', 1, 10, 25000, 13200, 11800, '2018-09-14 00:54:08'),
(7, '364', 'GIGM353', 'Enugu - Iyana-Ipaja', 'bus', 1, 3, 16500, 1200, -1197, '2018-09-18 02:00:23'),
(8, '663', 'GIGM927', 'Enugu - Kubwa', 'bus', 1, 10, 25000, 0, 10, '2018-09-18 03:10:56');

-- --------------------------------------------------------

--
-- Table structure for table `lga`
--

DROP TABLE IF EXISTS `lga`;
CREATE TABLE IF NOT EXISTS `lga` (
  `id` int(3) DEFAULT NULL,
  `state_id` int(2) DEFAULT NULL,
  `lga` varchar(23) DEFAULT NULL,
  KEY `state_id` (`state_id`)
) ENGINE=InnoDB DEFAULT CHARSET=utf8;

--
-- Dumping data for table `lga`
--

INSERT INTO `lga` (`id`, `state_id`, `lga`) VALUES
(1, 1, 'Aba North?'),
(2, 1, 'Aba South?'),
(3, 1, '?Arochukwu?'),
(4, 1, '?Bende?'),
(5, 1, '?Ikwuano?'),
(6, 1, '?Isiala-Ngwa North?'),
(7, 1, '?Isiala-Ngwa South?'),
(8, 1, '?Isuikwato?'),
(9, 1, '?Obi Nwa?'),
(10, 1, '?Ohafia?'),
(11, 1, '?Osisioma?'),
(12, 1, '?Ngwa?'),
(13, 1, '?Ugwunagbo?'),
(14, 1, '?Ukwa East?'),
(15, 1, '?Ukwa West?'),
(16, 1, '?Umuahia North?'),
(17, 1, '?Umuahia South?'),
(18, 1, '?Umu-Neochi'),
(19, 2, 'Demsa?'),
(20, 2, 'Fufore?'),
(21, 2, 'Ganaye?'),
(22, 2, 'Gireri?'),
(23, 2, 'Gombi?'),
(24, 2, 'Guyuk?'),
(25, 2, 'Hong?'),
(26, 2, 'Jada?'),
(27, 2, 'Lamurde?'),
(28, 2, 'Madagali?'),
(29, 2, 'Maiha??'),
(30, 2, 'Mayo-Belwa?'),
(31, 2, 'Michika?'),
(32, 2, 'Mubi North?'),
(33, 2, 'Mubi South?'),
(34, 2, 'Numan?'),
(35, 2, 'Shelleng?'),
(36, 2, 'Song?'),
(37, 2, 'Toungo?'),
(38, 2, 'Yola North?'),
(39, 2, 'Yola South'),
(40, 3, 'Abak?'),
(41, 3, 'Eastern Obolo?'),
(42, 3, 'Eket?'),
(43, 3, 'Esit Eket?'),
(44, 3, 'Essien Udim?'),
(45, 3, 'Etim Ekpo?'),
(46, 3, 'Etinan?'),
(47, 3, 'Ibeno?'),
(48, 3, 'Ibesikpo Asutan?'),
(49, 3, 'Ibiono Ibom?'),
(50, 3, 'Ika?'),
(51, 3, 'Ikono?'),
(52, 3, 'Ikot Abasi?'),
(53, 3, 'Ikot Ekpene?'),
(54, 3, 'Ini?'),
(55, 3, 'Itu?'),
(56, 3, 'Mbo?'),
(57, 3, 'Mkpat Enin?'),
(58, 3, 'Nsit Atai?'),
(59, 3, 'Nsit Ibom?'),
(60, 3, 'Nsit Ubium?'),
(61, 3, 'Obot Akara?'),
(62, 3, 'Okobo?'),
(63, 3, 'Onna?'),
(64, 3, 'Oron??'),
(65, 3, 'Oruk Anam?'),
(66, 3, 'Udung Uko?'),
(67, 3, 'Ukanafun?'),
(68, 3, 'Uruan?'),
(69, 3, 'Urue-Offong/Oruko?'),
(70, 3, 'Uyo'),
(71, 4, 'Aguata?'),
(72, 4, 'Anambra East?'),
(73, 4, 'Anambra West?'),
(74, 4, 'Anaocha?'),
(75, 4, 'Awka North?'),
(76, 4, 'Awka South?'),
(77, 4, 'Ayamelum?'),
(78, 4, 'Dunukofia?'),
(79, 4, 'Ekwusigo?'),
(80, 4, 'Idemili North?'),
(81, 4, 'Idemili south?'),
(82, 4, 'Ihiala?'),
(83, 4, 'Njikoka?'),
(84, 4, 'Nnewi North?'),
(85, 4, 'Nnewi South?'),
(86, 4, 'Ogbaru?'),
(87, 4, 'Onitsha North?'),
(88, 4, 'Onitsha South?'),
(89, 4, 'Orumba North?'),
(90, 4, 'Orumba South?'),
(91, 4, 'Oyi?'),
(92, 5, 'Alkaleri?'),
(93, 5, 'Bauchi?'),
(94, 5, 'Bogoro?'),
(95, 5, 'Damban?'),
(96, 5, 'Darazo?'),
(97, 5, 'Dass?'),
(98, 5, 'Ganjuwa?'),
(99, 5, 'Giade?'),
(100, 5, 'Itas/Gadau?'),
(101, 5, 'Jama\'are?'),
(102, 5, 'Katagum?'),
(103, 5, 'Kirfi?'),
(104, 5, 'Misau?'),
(105, 5, 'Ningi?'),
(106, 5, 'Shira?'),
(107, 5, 'Tafawa-Balewa?'),
(108, 5, 'Toro?'),
(109, 5, 'Warji?'),
(110, 5, 'Zaki?'),
(111, 6, 'Brass?'),
(112, 6, 'Ekeremor?'),
(113, 6, 'Kolokuma/ Opokuma?'),
(114, 6, 'Nembe?'),
(115, 6, 'Ogbia?'),
(116, 6, 'Sagbama?'),
(117, 6, 'Southern Jaw?'),
(118, 6, 'Yenegoa?'),
(119, 7, 'Ado?'),
(120, 7, 'Agatu?'),
(121, 7, 'Apa?'),
(122, 7, 'Buruku?'),
(123, 7, 'Gboko?'),
(124, 7, 'Guma?'),
(125, 7, 'Gwer East?'),
(126, 7, 'Gwer West?'),
(127, 7, 'Katsina-Ala?'),
(128, 7, 'Konshisha?'),
(129, 7, 'Kwande?'),
(130, 7, 'Logo?'),
(131, 7, 'Makurdi?'),
(132, 7, 'Obi?'),
(133, 7, 'Ogbadibo?'),
(134, 7, 'Oju?'),
(135, 7, 'Okpokwu?'),
(136, 7, 'Ohimini?'),
(137, 7, 'Oturkpo?'),
(138, 7, 'Tarka?'),
(139, 7, 'Ukum?'),
(140, 7, 'Ushongo?'),
(141, 7, 'Vandeikya?'),
(142, 8, 'Abadam?'),
(143, 8, 'Askira/Uba?'),
(144, 8, 'Bama?'),
(145, 8, 'Bayo?'),
(146, 8, 'Biu?'),
(147, 8, 'Chibok?'),
(148, 8, 'Damboa?'),
(149, 8, 'Dikwa?'),
(150, 8, 'Gubio?'),
(151, 8, 'Guzamala?'),
(152, 8, 'Gwoza?'),
(153, 8, 'Hawul?'),
(154, 8, 'Jere?'),
(155, 8, 'Kaga?'),
(156, 8, 'Kala/Balge?'),
(157, 8, 'Konduga?'),
(158, 8, 'Kukawa?'),
(159, 8, 'Kwaya Kusar?'),
(160, 8, 'Mafa?'),
(161, 8, 'Magumeri?'),
(162, 8, 'Maiduguri?'),
(163, 8, 'Marte?'),
(164, 8, 'Mobbar?'),
(165, 8, 'Monguno?'),
(166, 8, 'Ngala?'),
(167, 8, 'Nganzai?'),
(168, 8, 'Shani?'),
(169, 9, 'Akpabuyo?'),
(170, 9, 'Odukpani?'),
(171, 9, 'Akamkpa?'),
(172, 9, 'Biase?'),
(173, 9, 'Abi?'),
(174, 9, 'Ikom?'),
(175, 9, 'Yarkur?'),
(176, 9, 'Odubra?'),
(177, 9, 'Boki?'),
(178, 9, 'Ogoja?'),
(179, 9, 'Yala?'),
(180, 9, 'Obanliku?'),
(181, 9, 'Obudu?'),
(182, 9, 'Calabar South?'),
(183, 9, 'Etung?'),
(184, 9, 'Bekwara?'),
(185, 9, 'Bakassi?'),
(186, 9, 'Calabar Municipality'),
(187, 10, 'Oshimili?'),
(188, 10, 'Aniocha?'),
(189, 10, 'Aniocha South?'),
(190, 10, 'Ika South?'),
(191, 10, 'Ika North-East?'),
(192, 10, 'Ndokwa West?'),
(193, 10, 'Ndokwa East?'),
(194, 10, 'Isoko south?'),
(195, 10, 'Isoko North?'),
(196, 10, 'Bomadi?'),
(197, 10, 'Burutu?'),
(198, 10, 'Ughelli South?'),
(199, 10, 'Ughelli North?'),
(200, 10, 'Ethiope West?'),
(201, 10, 'Ethiope East?'),
(202, 10, 'Sapele?'),
(203, 10, 'Okpe?'),
(204, 10, 'Warri North?'),
(205, 10, 'Warri South?'),
(206, 10, 'Uvwie?'),
(207, 10, 'Udu?'),
(208, 10, 'Warri Central?'),
(209, 10, 'Ukwani?'),
(210, 10, 'Oshimili North?'),
(211, 10, 'Patani'),
(212, 11, 'Afikpo South?'),
(213, 11, 'Afikpo North?'),
(214, 11, 'Onicha?'),
(215, 11, 'Ohaozara?'),
(216, 11, 'Abakaliki?'),
(217, 11, 'Ishielu?'),
(218, 11, 'lkwo?'),
(219, 11, 'Ezza?'),
(220, 11, 'Ezza South?'),
(221, 11, 'Ohaukwu?'),
(222, 11, 'Ebonyi?'),
(223, 11, 'Ivo?'),
(224, 12, 'Esan North-East?'),
(225, 12, 'Esan Central?'),
(226, 12, 'Esan West?'),
(227, 12, 'Egor?'),
(228, 12, 'Ukpoba?'),
(229, 12, 'Central?'),
(230, 12, 'Etsako Central?'),
(231, 12, 'Igueben?'),
(232, 12, 'Oredo?'),
(233, 12, 'Ovia SouthWest?'),
(234, 12, 'Ovia South-East?'),
(235, 12, 'Orhionwon?'),
(236, 12, 'Uhunmwonde?'),
(237, 12, 'Etsako East??'),
(238, 12, 'Esan South-East?'),
(239, 13, 'Ado?'),
(240, 13, 'Ekiti-East?'),
(241, 13, 'Ekiti-West??'),
(242, 13, 'Emure/Ise/Orun?'),
(243, 13, 'Ekiti South-West?'),
(244, 13, 'Ikare?'),
(245, 13, 'Irepodun?'),
(246, 13, 'Ijero,??'),
(247, 13, 'Ido/Osi?'),
(248, 13, 'Oye?'),
(249, 13, 'Ikole?'),
(250, 13, 'Moba?'),
(251, 13, 'Gbonyin?'),
(252, 13, 'Efon?'),
(253, 13, 'Ise/Orun??'),
(254, 13, 'Ilejemeje.'),
(255, 14, 'Enugu South,??'),
(256, 14, 'Igbo-Eze South?'),
(257, 14, 'Enugu North?'),
(258, 14, 'Nkanu?'),
(259, 14, 'Udi Agwu?'),
(260, 14, 'Oji-River?'),
(261, 14, 'Ezeagu?'),
(262, 14, 'IgboEze North?'),
(263, 14, 'Isi-Uzo?'),
(264, 14, 'Nsukka?'),
(265, 14, 'Igbo-Ekiti?'),
(266, 14, 'Uzo-Uwani?'),
(267, 14, 'Enugu Eas?'),
(268, 14, 'Aninri?'),
(269, 14, 'Nkanu East?'),
(270, 14, 'Udenu.?'),
(271, 15, 'Akko?'),
(272, 15, 'Balanga?'),
(273, 15, 'Billiri?'),
(274, 15, 'Dukku?'),
(275, 15, 'Kaltungo?'),
(276, 15, 'Kwami?'),
(277, 15, 'Shomgom?'),
(278, 15, 'Funakaye?'),
(279, 15, 'Gombe?'),
(280, 15, 'Nafada/Bajoga??'),
(281, 15, 'Yamaltu/Delta.?'),
(282, 16, 'Aboh-Mbaise?'),
(283, 16, 'Ahiazu-Mbaise?'),
(284, 16, 'Ehime-Mbano?'),
(285, 16, 'Ezinihitte?'),
(286, 16, 'Ideato North?'),
(287, 16, 'Ideato South?'),
(288, 16, 'Ihitte/Uboma?'),
(289, 16, 'Ikeduru?'),
(290, 16, 'Isiala Mbano?'),
(291, 16, 'Isu?'),
(292, 16, 'Mbaitoli?'),
(293, 16, 'Mbaitoli?'),
(294, 16, 'Ngor-Okpala?'),
(295, 16, 'Njaba?'),
(296, 16, 'Nwangele?'),
(297, 16, 'Nkwerre?'),
(298, 16, 'Obowo?'),
(299, 16, 'Oguta?'),
(300, 16, 'Ohaji/Egbema?'),
(301, 16, 'Okigwe?'),
(302, 16, 'Orlu?'),
(303, 16, 'Orsu?'),
(304, 16, 'Oru East?'),
(305, 16, 'Oru West?'),
(306, 16, 'Owerri-Municipal?'),
(307, 16, 'Owerri North?'),
(308, 16, 'Owerri West?'),
(309, 17, 'Auyo?'),
(310, 17, 'Babura?'),
(311, 17, 'Birni Kudu?'),
(312, 17, 'Biriniwa?'),
(313, 17, 'Buji?'),
(314, 17, 'Dutse?'),
(315, 17, 'Gagarawa?'),
(316, 17, 'Garki?'),
(317, 17, 'Gumel?'),
(318, 17, 'Guri?'),
(319, 17, 'Gwaram?'),
(320, 17, 'Gwiwa?'),
(321, 17, 'Hadejia?'),
(322, 17, 'Jahun?'),
(323, 17, 'Kafin Hausa?'),
(324, 17, 'Kaugama Kazaure?'),
(325, 17, 'Kiri Kasamma?'),
(326, 17, 'Kiyawa?'),
(327, 17, 'Maigatari?'),
(328, 17, 'Malam Madori?'),
(329, 17, 'Miga?'),
(330, 17, 'Ringim?'),
(331, 17, 'Roni?'),
(332, 17, 'Sule-Tankarkar?'),
(333, 17, 'Taura??'),
(334, 17, 'Yankwashi?'),
(335, 18, 'Birni-Gwari?'),
(336, 18, 'Chikun?'),
(337, 18, 'Giwa?'),
(338, 18, 'Igabi?'),
(339, 18, 'Ikara?'),
(340, 18, 'jaba?'),
(341, 18, 'Jema\'a?'),
(342, 18, 'Kachia?'),
(343, 18, 'Kaduna North?'),
(344, 18, 'Kaduna South?'),
(345, 18, 'Kagarko?'),
(346, 18, 'Kajuru?'),
(347, 18, 'Kaura?'),
(348, 18, 'Kauru?'),
(349, 18, 'Kubau?'),
(350, 18, 'Kudan?'),
(351, 18, 'Lere?'),
(352, 18, 'Makarfi?'),
(353, 18, 'Sabon-Gari?'),
(354, 18, 'Sanga?'),
(355, 18, 'Soba?'),
(356, 18, 'Zango-Kataf?'),
(357, 18, 'Zaria?'),
(358, 19, 'Ajingi?'),
(359, 19, 'Albasu?'),
(360, 19, 'Bagwai?'),
(361, 19, 'Bebeji?'),
(362, 19, 'Bichi?'),
(363, 19, 'Bunkure?'),
(364, 19, 'Dala?'),
(365, 19, 'Dambatta?'),
(366, 19, 'Dawakin Kudu?'),
(367, 19, 'Dawakin Tofa?'),
(368, 19, 'Doguwa?'),
(369, 19, 'Fagge?'),
(370, 19, 'Gabasawa?'),
(371, 19, 'Garko?'),
(372, 19, 'Garum?'),
(373, 19, 'Mallam?'),
(374, 19, 'Gaya?'),
(375, 19, 'Gezawa?'),
(376, 19, 'Gwale?'),
(377, 19, 'Gwarzo?'),
(378, 19, 'Kabo?'),
(379, 19, 'Kano Municipal?'),
(380, 19, 'Karaye?'),
(381, 19, 'Kibiya?'),
(382, 19, 'Kiru?'),
(383, 19, 'kumbotso?'),
(384, 19, 'Kunchi?'),
(385, 19, 'Kura?'),
(386, 19, 'Madobi?'),
(387, 19, 'Makoda?'),
(388, 19, 'Minjibir?'),
(389, 19, 'Nasarawa?'),
(390, 19, 'Rano?'),
(391, 19, 'Rimin Gado?'),
(392, 19, 'Rogo?'),
(393, 19, 'Shanono?'),
(394, 19, 'Sumaila?'),
(395, 19, 'Takali?'),
(396, 19, 'Tarauni?'),
(397, 19, 'Tofa?'),
(398, 19, 'Tsanyawa?'),
(399, 19, 'Tudun Wada?'),
(400, 19, 'Ungogo?'),
(401, 19, 'Warawa?'),
(402, 19, 'Wudil'),
(403, 20, 'Bakori?'),
(404, 20, 'Batagarawa?'),
(405, 20, 'Batsari?'),
(406, 20, 'Baure?'),
(407, 20, 'Bindawa?'),
(408, 20, 'Charanchi?'),
(409, 20, 'Dandume?'),
(410, 20, 'Danja?'),
(411, 20, 'Dan Musa?'),
(412, 20, 'Daura?'),
(413, 20, 'Dutsi?'),
(414, 20, 'Dutsin-Ma?'),
(415, 20, 'Faskari?'),
(416, 20, 'Funtua?'),
(417, 20, 'Ingawa?'),
(418, 20, 'Jibia?'),
(419, 20, 'Kafur?'),
(420, 20, 'Kaita?'),
(421, 20, 'Kankara?'),
(422, 20, 'Kankia?'),
(423, 20, 'Katsina?'),
(424, 20, 'Kurfi?'),
(425, 20, 'Kusada?'),
(426, 20, 'Mai\'Adua?'),
(427, 20, 'Malumfashi?'),
(428, 20, 'Mani?'),
(429, 20, 'Mashi?'),
(430, 20, 'Matazuu?'),
(431, 20, 'Musawa?'),
(432, 20, 'Rimi?'),
(433, 20, 'Sabuwa?'),
(434, 20, 'Safana?'),
(435, 20, 'Sandamu?'),
(436, 20, 'Zango?'),
(437, 21, 'Aleiro?'),
(438, 21, 'Arewa-Dandi?'),
(439, 21, 'Argungu?'),
(440, 21, 'Augie?'),
(441, 21, 'Bagudo?'),
(442, 21, 'Birnin Kebbi?'),
(443, 21, 'Bunza?'),
(444, 21, 'Dandi??'),
(445, 21, 'Fakai?'),
(446, 21, 'Gwandu?'),
(447, 21, 'Jega?'),
(448, 21, 'Kalgo??'),
(449, 21, 'Koko/Besse?'),
(450, 21, 'Maiyama?'),
(451, 21, 'Ngaski?'),
(452, 21, 'Sakaba?'),
(453, 21, 'Shanga?'),
(454, 21, 'Suru?'),
(455, 21, 'Wasagu/Danko?'),
(456, 21, 'Yauri?'),
(457, 21, 'Zuru?'),
(458, 21, 'Aleiro?'),
(459, 21, 'Arewa-Dandi?'),
(460, 21, 'Argungu?'),
(461, 21, 'Augie?'),
(462, 21, 'Bagudo?'),
(463, 21, 'Birnin Kebbi?'),
(464, 21, 'Bunza?'),
(465, 21, 'Dandi??'),
(466, 21, 'Fakai?'),
(467, 21, 'Gwandu?'),
(468, 21, 'Jega?'),
(469, 21, 'Kalgo??'),
(470, 21, 'Koko/Besse?'),
(471, 21, 'Maiyama?'),
(472, 21, 'Ngaski?'),
(473, 21, 'Sakaba?'),
(474, 21, 'Shanga?'),
(475, 21, 'Suru?'),
(476, 21, 'Wasagu/Danko?'),
(477, 21, 'Yauri?'),
(478, 21, 'Zuru?'),
(479, 21, 'Aleiro?'),
(480, 21, 'Arewa-Dandi?'),
(481, 21, 'Argungu?'),
(482, 21, 'Augie?'),
(483, 21, 'Bagudo?'),
(484, 21, 'Birnin Kebbi?'),
(485, 21, 'Bunza?'),
(486, 21, 'Dandi??'),
(487, 21, 'Fakai?'),
(488, 21, 'Gwandu?'),
(489, 21, 'Jega?'),
(490, 21, 'Kalgo??'),
(491, 21, 'Koko/Besse?'),
(492, 21, 'Maiyama?'),
(493, 21, 'Ngaski?'),
(494, 21, 'Sakaba?'),
(495, 21, 'Shanga?'),
(496, 21, 'Suru?'),
(497, 21, 'Wasagu/Danko?'),
(498, 21, 'Yauri?'),
(499, 21, 'Zuru?'),
(500, 21, 'Aleiro?'),
(501, 21, 'Arewa-Dandi?'),
(502, 21, 'Argungu?'),
(503, 21, 'Augie?'),
(504, 21, 'Bagudo?'),
(505, 21, 'Birnin Kebbi?'),
(506, 21, 'Bunza?'),
(507, 21, 'Dandi??'),
(508, 21, 'Fakai?'),
(509, 21, 'Gwandu?'),
(510, 21, 'Jega?'),
(511, 21, 'Kalgo??'),
(512, 21, 'Koko/Besse?'),
(513, 21, 'Maiyama?'),
(514, 21, 'Ngaski?'),
(515, 21, 'Sakaba?'),
(516, 21, 'Shanga?'),
(517, 21, 'Suru?'),
(518, 21, 'Wasagu/Danko?'),
(519, 21, 'Yauri?'),
(520, 21, 'Zuru?'),
(521, 22, 'Adavi?'),
(522, 22, 'Ajaokuta?'),
(523, 22, 'Ankpa?'),
(524, 22, 'Bassa?'),
(525, 22, 'Dekina?'),
(526, 22, 'Ibaji?'),
(527, 22, 'Idah?'),
(528, 22, 'Igalamela-Odolu?'),
(529, 22, 'Ijumu?'),
(530, 22, 'Kabba/Bunu?'),
(531, 22, 'Kogi?'),
(532, 22, 'Lokoja?'),
(533, 22, 'Mopa-Muro?'),
(534, 22, 'Ofu?'),
(535, 22, 'Ogori/Mangongo?'),
(536, 22, 'Okehi?'),
(537, 22, 'Okene?'),
(538, 22, 'Olamabolo?'),
(539, 22, 'Omala?'),
(540, 22, 'Yagba East??'),
(541, 22, 'Yagba West'),
(542, 23, 'Asa?'),
(543, 23, 'Baruten?'),
(544, 23, 'Edu?'),
(545, 23, 'Ekiti?'),
(546, 23, 'Ifelodun?'),
(547, 23, 'Ilorin East?'),
(548, 23, 'Ilorin West?'),
(549, 23, 'Irepodun?'),
(550, 23, 'Isin?'),
(551, 23, 'Kaiama?'),
(552, 23, 'Moro?'),
(553, 23, 'Offa?'),
(554, 23, 'Oke-Ero?'),
(555, 23, 'Oyun?'),
(556, 23, 'Pategi?'),
(557, 24, 'Agege?'),
(558, 24, 'Ajeromi-Ifelodun?'),
(559, 24, 'Alimosho?'),
(560, 24, 'Amuwo-Odofin?'),
(561, 24, 'Apapa?'),
(562, 24, 'Badagry?'),
(563, 24, 'Epe?'),
(564, 24, 'Eti-Osa?'),
(565, 24, 'Ibeju/Lekki?'),
(566, 24, 'Ifako-Ijaye??'),
(567, 24, 'Ikeja?'),
(568, 24, 'Ikorodu?'),
(569, 24, 'Kosofe?'),
(570, 24, 'Lagos Island?'),
(571, 24, 'Lagos Mainland?'),
(572, 24, 'Mushin?'),
(573, 24, 'Ojo?'),
(574, 24, 'Oshodi-Isolo?'),
(575, 24, 'Shomolu?'),
(576, 24, 'Surulere'),
(577, 25, 'Akwanga?'),
(578, 25, 'Awe?'),
(579, 25, 'Doma?'),
(580, 25, 'Karu?'),
(581, 25, 'Keana?'),
(582, 25, 'Keffi?'),
(583, 25, 'Kokona?'),
(584, 25, 'Lafia?'),
(585, 25, 'Nasarawa?'),
(586, 25, 'Nasarawa-Eggon?'),
(587, 25, 'Obi?'),
(588, 25, 'Toto?'),
(589, 25, 'Wamba?'),
(590, 26, 'Agaie?'),
(591, 26, 'Agwara?'),
(592, 26, 'Bida?'),
(593, 26, 'Borgu?'),
(594, 26, 'Bosso?'),
(595, 26, 'Chanchaga?'),
(596, 26, 'Edati?'),
(597, 26, 'Gbako?'),
(598, 26, 'Gurara?'),
(599, 26, 'Katcha?'),
(600, 26, 'Kontagora??'),
(601, 26, 'Lapai?'),
(602, 26, 'Lavun?'),
(603, 26, 'Magama?'),
(604, 26, 'Mariga?'),
(605, 26, 'Mashegu?'),
(606, 26, 'Mokwa?'),
(607, 26, 'Muya?'),
(608, 26, 'Pailoro?'),
(609, 26, 'Rafi?'),
(610, 26, 'Rijau?'),
(611, 26, 'Shiroro?'),
(612, 26, 'Suleja?'),
(613, 26, 'Tafa?'),
(614, 26, 'Wushishi'),
(615, 27, 'Abeokuta North?'),
(616, 27, 'Abeokuta South?'),
(617, 27, 'Ado-Odo/Ota?'),
(618, 27, 'Egbado North?'),
(619, 27, 'Egbado South?'),
(620, 27, 'Ewekoro?'),
(621, 27, 'Ifo?'),
(622, 27, 'Ijebu East?'),
(623, 27, 'Ijebu North?'),
(624, 27, 'Ijebu North East?'),
(625, 27, 'Ijebu Ode?'),
(626, 27, 'Ikenne?'),
(627, 27, 'Imeko-Afon?'),
(628, 27, 'Ipokia?'),
(629, 27, 'Obafemi-Owode?'),
(630, 27, 'Ogun Waterside?'),
(631, 27, 'Odeda?'),
(632, 27, 'Odogbolu?'),
(633, 27, 'Remo North?'),
(634, 27, 'Shagamu'),
(635, 28, 'Akoko North East?'),
(636, 28, 'Akoko North West?'),
(637, 28, 'Akoko South Akure East?'),
(638, 28, 'Akoko South West?'),
(639, 28, 'Akure North?'),
(640, 28, 'Akure South?'),
(641, 28, 'Ese-Odo?'),
(642, 28, 'Idanre?'),
(643, 28, 'Ifedore?'),
(644, 28, 'Ilaje?'),
(645, 28, 'Ile-Oluji?'),
(646, 28, 'Okeigbo?'),
(647, 28, 'Irele?'),
(648, 28, 'Odigbo?'),
(649, 28, 'Okitipupa?'),
(650, 28, 'Ondo East?'),
(651, 28, 'Ondo West?'),
(652, 28, 'Ose?'),
(653, 28, 'Owo?'),
(654, 29, 'Aiyedade?'),
(655, 29, 'Aiyedire?'),
(656, 29, 'Atakumosa East?'),
(657, 29, 'Atakumosa West?'),
(658, 29, 'Boluwaduro?'),
(659, 29, 'Boripe?'),
(660, 29, 'Ede North?'),
(661, 29, 'Ede South?'),
(662, 29, 'Egbedore?'),
(663, 29, 'Ejigbo?'),
(664, 29, 'Ife Central?'),
(665, 29, 'Ife East?'),
(666, 29, 'Ife North?'),
(667, 29, 'Ife South?'),
(668, 29, 'Ifedayo?'),
(669, 29, 'Ifelodun?'),
(670, 29, 'Ila?'),
(671, 29, 'Ilesha East?'),
(672, 29, 'Ilesha West?'),
(673, 29, 'Irepodun?'),
(674, 29, 'Irewole?'),
(675, 29, 'Isokan?'),
(676, 29, 'Iwo?'),
(677, 29, 'Obokun?'),
(678, 29, 'Odo-Otin?'),
(679, 29, 'Ola-Oluwa?'),
(680, 29, 'Olorunda?'),
(681, 29, 'Oriade?'),
(682, 29, 'Orolu?'),
(683, 29, 'Osogbo'),
(684, 30, 'Afijio?'),
(685, 30, 'Akinyele?'),
(686, 30, 'Atiba?'),
(687, 30, 'Atigbo?'),
(688, 30, 'Egbeda?'),
(689, 30, 'IbadanCentral?'),
(690, 30, 'Ibadan North?'),
(691, 30, 'Ibadan North West?'),
(692, 30, 'Ibadan South East?'),
(693, 30, 'Ibadan South West?'),
(694, 30, 'Ibarapa Central?'),
(695, 30, 'Ibarapa East?'),
(696, 30, 'Ibarapa North?'),
(697, 30, 'Ido?'),
(698, 30, 'Irepo?'),
(699, 30, 'Iseyin?'),
(700, 30, 'Itesiwaju?'),
(701, 30, 'Iwajowa?'),
(702, 30, 'Kajola?'),
(703, 30, 'Lagelu Ogbomosho North?'),
(704, 30, 'Ogbmosho South?'),
(705, 30, 'Ogo Oluwa?'),
(706, 30, 'Olorunsogo?'),
(707, 30, 'Oluyole?'),
(708, 30, 'Ona-Ara?'),
(709, 30, 'Orelope?'),
(710, 30, 'Ori Ire?'),
(711, 30, 'Oyo East?'),
(712, 30, 'Oyo West?'),
(713, 30, 'Saki East?'),
(714, 30, 'Saki West?'),
(715, 30, 'Surulere'),
(716, 30, 'Afijio?'),
(717, 30, 'Akinyele?'),
(718, 30, 'Atiba?'),
(719, 30, 'Atigbo?'),
(720, 30, 'Egbeda?'),
(721, 30, 'IbadanCentral?'),
(722, 30, 'Ibadan North?'),
(723, 30, 'Ibadan North West?'),
(724, 30, 'Ibadan South East?'),
(725, 30, 'Ibadan South West?'),
(726, 30, 'Ibarapa Central?'),
(727, 30, 'Ibarapa East?'),
(728, 30, 'Ibarapa North?'),
(729, 30, 'Ido?'),
(730, 30, 'Irepo?'),
(731, 30, 'Iseyin?'),
(732, 30, 'Itesiwaju?'),
(733, 30, 'Iwajowa?'),
(734, 30, 'Kajola?'),
(735, 30, 'Lagelu Ogbomosho North?'),
(736, 30, 'Ogbmosho South?'),
(737, 30, 'Ogo Oluwa?'),
(738, 30, 'Olorunsogo?'),
(739, 30, 'Oluyole?'),
(740, 30, 'Ona-Ara?'),
(741, 30, 'Orelope?'),
(742, 30, 'Ori Ire?'),
(743, 30, 'Oyo East?'),
(744, 30, 'Oyo West?'),
(745, 30, 'Saki East?'),
(746, 30, 'Saki West?'),
(747, 30, 'Surulere'),
(748, 30, 'Afijio?'),
(749, 30, 'Akinyele?'),
(750, 30, 'Atiba?'),
(751, 30, 'Atigbo?'),
(752, 30, 'Egbeda?'),
(753, 30, 'IbadanCentral?'),
(754, 30, 'Ibadan North?'),
(755, 30, 'Ibadan North West?'),
(756, 30, 'Ibadan South East?'),
(757, 30, 'Ibadan South West?'),
(758, 30, 'Ibarapa Central?'),
(759, 30, 'Ibarapa East?'),
(760, 30, 'Ibarapa North?'),
(761, 30, 'Ido?'),
(762, 30, 'Irepo?'),
(763, 30, 'Iseyin?'),
(764, 30, 'Itesiwaju?'),
(765, 30, 'Iwajowa?'),
(766, 30, 'Kajola?'),
(767, 30, 'Lagelu Ogbomosho North?'),
(768, 30, 'Ogbmosho South?'),
(769, 30, 'Ogo Oluwa?'),
(770, 30, 'Olorunsogo?'),
(771, 30, 'Oluyole?'),
(772, 30, 'Ona-Ara?'),
(773, 30, 'Orelope?'),
(774, 30, 'Ori Ire?'),
(775, 30, 'Oyo East?'),
(776, 30, 'Oyo West?'),
(777, 30, 'Saki East?'),
(778, 30, 'Saki West?'),
(779, 30, 'Surulere'),
(780, 30, 'Afijio?'),
(781, 30, 'Akinyele?'),
(782, 30, 'Atiba?'),
(783, 30, 'Atigbo?'),
(784, 30, 'Egbeda?'),
(785, 30, 'IbadanCentral?'),
(786, 30, 'Ibadan North?'),
(787, 30, 'Ibadan North West?'),
(788, 30, 'Ibadan South East?'),
(789, 30, 'Ibadan South West?'),
(790, 30, 'Ibarapa Central?'),
(791, 30, 'Ibarapa East?'),
(792, 30, 'Ibarapa North?'),
(793, 30, 'Ido?'),
(794, 30, 'Irepo?'),
(795, 30, 'Iseyin?'),
(796, 30, 'Itesiwaju?'),
(797, 30, 'Iwajowa?'),
(798, 30, 'Kajola?'),
(799, 30, 'Lagelu Ogbomosho North?'),
(800, 30, 'Ogbmosho South?'),
(801, 30, 'Ogo Oluwa?'),
(802, 30, 'Olorunsogo?'),
(803, 30, 'Oluyole?'),
(804, 30, 'Ona-Ara?'),
(805, 30, 'Orelope?'),
(806, 30, 'Ori Ire?'),
(807, 30, 'Oyo East?'),
(808, 30, 'Oyo West?'),
(809, 30, 'Saki East?'),
(810, 30, 'Saki West?'),
(811, 30, 'Surulere'),
(812, 31, 'Barikin Ladi?'),
(813, 31, 'Bassa?'),
(814, 31, 'Bokkos?'),
(815, 31, 'Jos East?'),
(816, 31, 'Jos North?'),
(817, 31, 'Jos South?'),
(818, 31, 'Kanam?'),
(819, 31, 'Kanke?'),
(820, 31, 'Langtang North?'),
(821, 31, 'Langtang South?'),
(822, 31, 'Mangu?'),
(823, 31, 'Mikang?'),
(824, 31, 'Pankshin?'),
(825, 31, 'Qua\'an Pan?'),
(826, 31, 'Riyom?'),
(827, 31, 'Shendam?'),
(828, 31, 'Wase'),
(829, 32, 'Abua/Odual?'),
(830, 32, 'Ahoada East?'),
(831, 32, 'Ahoada West?'),
(832, 32, 'Akuku Toru?'),
(833, 32, 'Andoni?'),
(834, 32, 'Asari-Toru?'),
(835, 32, 'Bonny?'),
(836, 32, 'Degema?'),
(837, 32, 'Emohua?'),
(838, 32, 'Eleme?'),
(839, 32, 'Etche?'),
(840, 32, 'Gokana?'),
(841, 32, 'Ikwerre?'),
(842, 32, 'Khana?'),
(843, 32, 'Obia/Akpor?'),
(844, 32, 'Ogba/Egbema/Ndoni?'),
(845, 32, 'Ogu/Bolo?'),
(846, 32, 'Okrika?'),
(847, 32, 'Omumma?'),
(848, 32, 'Opobo/Nkoro?'),
(849, 32, 'Oyigbo?'),
(850, 32, 'Port-Harcourt?'),
(851, 32, 'Tai?'),
(852, 33, 'Binji?'),
(853, 33, 'Bodinga?'),
(854, 33, 'Dange-shnsi?'),
(855, 33, 'Gada?'),
(856, 33, 'Goronyo?'),
(857, 33, 'Gudu?'),
(858, 33, 'Gawabawa?'),
(859, 33, 'Illela?'),
(860, 33, 'Isa?'),
(861, 33, 'Kware?'),
(862, 33, 'kebbe?'),
(863, 33, 'Rabah?'),
(864, 33, 'Sabon birni?'),
(865, 33, 'Shagari?'),
(866, 33, 'Silame?'),
(867, 33, 'Sokoto North?'),
(868, 33, 'Sokoto South?'),
(869, 33, 'Tambuwal?'),
(870, 33, 'Tqngaza?'),
(871, 33, 'Tureta?'),
(872, 33, 'Wamako?'),
(873, 33, 'Wurno?'),
(874, 33, 'Yabo'),
(875, 34, 'Ardo-kola?'),
(876, 34, 'Bali?'),
(877, 34, 'Donga?'),
(878, 34, 'Gashaka?'),
(879, 34, 'Cassol?'),
(880, 34, 'Ibi?'),
(881, 34, 'Jalingo?'),
(882, 34, 'Karin-Lamido?'),
(883, 34, 'Kurmi?'),
(884, 34, 'Lau?'),
(885, 34, 'Sardauna?'),
(886, 34, 'Takum?'),
(887, 34, 'Ussa?'),
(888, 34, 'Wukari?'),
(889, 34, 'Yorro?'),
(890, 34, 'Zing'),
(891, 35, 'Bade?'),
(892, 35, 'Bursari?'),
(893, 35, 'Damaturu?'),
(894, 35, 'Fika?'),
(895, 35, 'Fune?'),
(896, 35, 'Geidam?'),
(897, 35, 'Gujba?'),
(898, 35, 'Gulani?'),
(899, 35, 'Jakusko?'),
(900, 35, 'Karasuwa?'),
(901, 35, 'Karawa?'),
(902, 35, 'Machina?'),
(903, 35, 'Nangere?'),
(904, 35, 'Nguru Potiskum?'),
(905, 35, 'Tarmua?'),
(906, 35, 'Yunusari?'),
(907, 35, 'Yusufari'),
(908, 36, 'Anka??'),
(909, 36, 'Bakura?'),
(910, 36, 'Birnin Magaji?'),
(911, 36, 'Bukkuyum?'),
(912, 36, 'Bungudu?'),
(913, 36, 'Gummi?'),
(914, 36, 'Gusau?'),
(915, 36, 'Kaura?'),
(916, 36, 'Namoda?'),
(917, 36, 'Maradun?'),
(918, 36, 'Maru?'),
(919, 36, 'Shinkafi?'),
(920, 36, 'Talata Mafara?'),
(921, 36, 'Tsafe?'),
(922, 36, 'Zurmi');

-- --------------------------------------------------------

--
-- Table structure for table `report`
--

DROP TABLE IF EXISTS `report`;
CREATE TABLE IF NOT EXISTS `report` (
  `id` int(11) NOT NULL AUTO_INCREMENT,
  `name` varchar(100) NOT NULL,
  `email` varchar(40) NOT NULL,
  `subject` varchar(40) NOT NULL,
  `message` text NOT NULL,
  PRIMARY KEY (`id`)
) ENGINE=InnoDB AUTO_INCREMENT=3 DEFAULT CHARSET=latin1;

--
-- Dumping data for table `report`
--

INSERT INTO `report` (`id`, `name`, `email`, `subject`, `message`) VALUES
(1, 'chigozie', 'chigo@gmail.com', 'over load', 'the car that i traveled with from Enugu to Abuja was so over loaded that police stopped so many times on the road.'),
(2, 'sparky', 'chim@gmail.com', 'over speed', 'the car was over speeding above the normal speed range');

-- --------------------------------------------------------

--
-- Table structure for table `states`
--

DROP TABLE IF EXISTS `states`;
CREATE TABLE IF NOT EXISTS `states` (
  `id` int(2) NOT NULL,
  `State` varchar(11) DEFAULT NULL,
  PRIMARY KEY (`id`)
) ENGINE=InnoDB DEFAULT CHARSET=utf8;

--
-- Dumping data for table `states`
--

INSERT INTO `states` (`id`, `State`) VALUES
(1, 'Abia'),
(2, 'Adamawa'),
(3, 'Akwa Ibom'),
(4, 'Anambra'),
(5, 'Bauchi'),
(6, 'Bayelsa'),
(7, 'Benue'),
(8, 'Bornu'),
(9, 'Cross River'),
(10, 'Delta'),
(11, 'Ebonyi'),
(12, 'Edo'),
(13, 'Ekiti'),
(14, 'Enugu'),
(15, 'Gombe'),
(16, 'Imo'),
(17, 'Jigawa'),
(18, 'Kaduna'),
(19, 'Kano'),
(20, 'Katsina'),
(21, 'Kebbi'),
(22, 'Kogi'),
(23, 'kwara'),
(24, 'Lagos'),
(25, 'Nasarawa'),
(26, 'Niger'),
(27, 'Ogun'),
(28, 'Ondo'),
(29, 'Osun'),
(30, 'Oyo'),
(31, 'Plateau'),
(32, 'Rivers'),
(33, 'Sokoto'),
(34, 'Taraba'),
(35, 'Yobe'),
(36, 'Zamfara');

-- --------------------------------------------------------

--
-- Table structure for table `terminal`
--

DROP TABLE IF EXISTS `terminal`;
CREATE TABLE IF NOT EXISTS `terminal` (
  `id` int(2) NOT NULL,
  `city` varchar(13) DEFAULT NULL,
  PRIMARY KEY (`id`)
) ENGINE=InnoDB DEFAULT CHARSET=utf8;

--
-- Dumping data for table `terminal`
--

INSERT INTO `terminal` (`id`, `city`) VALUES
(1, 'Umuahia'),
(2, 'Mararaba'),
(3, 'Zuba'),
(4, 'Utako'),
(5, 'Kubwa'),
(6, 'Itam'),
(7, 'Awka'),
(8, 'Yenagoa'),
(9, 'Asaba'),
(10, 'Effurum'),
(11, 'Auchi'),
(12, 'Benin'),
(13, 'Ekpoma'),
(14, 'Enugu'),
(15, 'Owerri'),
(16, 'Ajah'),
(17, 'Festac'),
(18, 'Ikotun'),
(19, 'Iyana-Ipaja'),
(20, 'Ikorodu'),
(21, 'Volkswagen'),
(22, 'Yaba'),
(23, 'Port Harcourt');

--
-- Constraints for dumped tables
--

--
-- Constraints for table `customer`
--
ALTER TABLE `customer`
  ADD CONSTRAINT `customer_ibfk_1` FOREIGN KEY (`customer_id`) REFERENCES `customerinfo` (`id`);

--
-- Constraints for table `destination`
--
ALTER TABLE `destination`
  ADD CONSTRAINT `destination_ibfk_1` FOREIGN KEY (`city_id`) REFERENCES `terminal` (`id`);

--
-- Constraints for table `lga`
--
ALTER TABLE `lga`
  ADD CONSTRAINT `lga_ibfk_1` FOREIGN KEY (`state_id`) REFERENCES `states` (`id`);

--
-- Constraints for table `terminal`
--
ALTER TABLE `terminal`
  ADD CONSTRAINT `terminal_ibfk_1` FOREIGN KEY (`id`) REFERENCES `destination` (`city_id`);
COMMIT;

/*!40101 SET CHARACTER_SET_CLIENT=@OLD_CHARACTER_SET_CLIENT */;
/*!40101 SET CHARACTER_SET_RESULTS=@OLD_CHARACTER_SET_RESULTS */;
/*!40101 SET COLLATION_CONNECTION=@OLD_COLLATION_CONNECTION */;
